codigo;presente_em;rotulo_2023;coluna_original_2023;rotulo_2024;coluna_original_2024;rotulo_2025;coluna_original_2025;coluna_unificada_final;ok_ou_ajustar
0;2023;id;('P0', 'id');;;;;;OK
0.a;2024,2025;;;token;0.a_token;token;0.a_token;;OK
0.d;2024,2025;;;data/hora_envio;0.d_data/hora_envio;data/hora_envio;0.d_data/hora_envio;;OK
1.a;2023,2024,2025;Idade;('P1_a ', 'Idade');idade;1.a_idade;idade;1.a_idade;;OK
1.a.1;2023,2024,2025;Faixa idade;('P1_a_1 ', 'Faixa idade');faixa_idade;1.a.1_faixa_idade;faixa_idade;1.a.1_faixa_idade;;OK
1.b;2023,2024,2025;Genero;('P1_b ', 'Genero');genero;1.b_genero;genero;1.b_genero;;OK
1.c;2023,2024,2025;Cor/raca/etnia;('P1_c ', 'Cor/raca/etnia');cor/raca/etnia;1.c_cor/raca/etnia;cor/raca/etnia;1.c_cor/raca/etnia;;OK
1.d;2023,2024,2025;PCD;('P1_d ', 'PCD');pcd;1.d_pcd;pcd;1.d_pcd;;OK
1.e;2023,2024,2025;experiencia_profissional_prejudicada;('P1_e ', 'experiencia_profissional_prejudicada');experiencia_profissional_prejudicada;1.e_experiencia_profissional_prejudicada;experiencia_profissional_prejudicada;1.e_experiencia_profissional_prejudicada;;OK
1.e.1;2023,2024,2025;Não acredito que minha experiência profissional seja afetada;('P1_e_1 ', 'Não acredito que minha experiência profissional seja afetada');Não acredito que minha experiência profissional seja afetada;1.e.1_Não acredito que minha experiência profissional seja afetada;Não acredito que minha experiência profissional seja afetada;1.e.1_Não acredito que minha experiência profissional seja afetada;;OK
1.e.2;2023,2024,2025;Experiencia prejudicada devido a minha Cor Raça Etnia;('P1_e_2 ', 'Experiencia prejudicada devido a minha Cor Raça Etnia');Sim, devido a minha Cor/Raça/Etnia;1.e.2_Sim, devido a minha Cor/Raça/Etnia;Sim, devido a minha Cor/Raça/Etnia;1.e.2_Sim, devido a minha Cor/Raça/Etnia;;OK
1.e.3;2023,2024,2025;Experiencia prejudicada devido a minha identidade de gênero;('P1_e_3 ', 'Experiencia prejudicada devido a minha identidade de gênero');Sim, devido a minha identidade de gênero;1.e.3_Sim, devido a minha identidade de gênero;Sim, devido a minha identidade de gênero;1.e.3_Sim, devido a minha identidade de gênero;;OK
1.e.4;2023,2024,2025;Experiencia prejudicada devido ao fato de ser PCD;('P1_e_4 ', 'Experiencia prejudicada devido ao fato de ser PCD');Sim, devido ao fato de ser PCD;1.e.4_Sim, devido ao fato de ser PCD;Sim, devido ao fato de ser PCD;1.e.4_Sim, devido ao fato de ser PCD;;OK
1.f;2023,2024,2025;aspectos_prejudicados;('P1_f ', 'aspectos_prejudicados');aspectos_prejudicados;1.f_aspectos_prejudicados;aspectos_prejudicados;1.f_aspectos_prejudicados;;OK
1.f.1;2023,2024,2025;Quantidade de oportunidades de emprego/vagas recebidas;('P1_f_1', 'Quantidade de oportunidades de emprego/vagas recebidas');Quantidade de oportunidades de emprego/vagas recebidas;1.f.1_Quantidade de oportunidades de emprego/vagas recebidas;Quantidade de oportunidades de emprego/vagas recebidas;1.f.1_Quantidade de oportunidades de emprego/vagas recebidas;;OK
1.f.2;2023,2024,2025;Senioridade das vagas recebidas em relação à sua experiência;('P1_f_2', 'Senioridade das vagas recebidas em relação à sua experiência');Senioridade das vagas recebidas em relação à sua experiência;1.f.2_Senioridade das vagas recebidas em relação à sua experiência;Senioridade das vagas recebidas em relação à sua experiência;1.f.2_Senioridade das vagas recebidas em relação à sua experiência;;OK
1.f.3;2023,2024,2025;Aprovação em processos seletivos/entrevistas;('P1_f_3', 'Aprovação em processos seletivos/entrevistas');Aprovação em processos seletivos/entrevistas;1.f.3_Aprovação em processos seletivos/entrevistas;Aprovação em processos seletivos/entrevistas;1.f.3_Aprovação em processos seletivos/entrevistas;;OK
1.f.4;2023,2024,2025;Oportunidades de progressão de carreira;('P1_f_4', 'Oportunidades de progressão de carreira');Oportunidades de progressão de carreira;1.f.4_Oportunidades de progressão de carreira;Oportunidades de progressão de carreira;1.f.4_Oportunidades de progressão de carreira;;OK
1.f.5;2023,2024,2025;Velocidade de progressão de carreira;('P1_f_5', 'Velocidade de progressão de carreira');Velocidade de progressão de carreira;1.f.5_Velocidade de progressão de carreira;Velocidade de progressão de carreira;1.f.5_Velocidade de progressão de carreira;;OK
1.f.6;2023,2024,2025;Nível de cobrança no trabalho/Stress no trabalho;('P1_f_6', 'Nível de cobrança no trabalho/Stress no trabalho');Nível de cobrança no trabalho/Stress no trabalho;1.f.6_Nível de cobrança no trabalho/Stress no trabalho;Nível de cobrança no trabalho/Stress no trabalho;1.f.6_Nível de cobrança no trabalho/Stress no trabalho;;OK
1.f.7;2023,2024,2025;Atenção dada diante das minhas opiniões e ideias;('P1_f_7', 'Atenção dada diante das minhas opiniões e ideias');Atenção dada pelas pessoas diante das minhas opiniões e ideias;1.f.7_Atenção dada pelas pessoas diante das minhas opiniões e ideias;Atenção dada pelas pessoas diante das minhas opiniões e ideias;1.f.7_Atenção dada pelas pessoas diante das minhas opiniões e ideias;;OK
1.f.8;2023,2024,2025;Relação com outros membros da empresa, em momentos de trabalho;('P1_f_8', 'Relação com outros membros da empresa, em momentos de trabalho');Relação com outras pessoas da empresa, em momentos de trabalho;1.f.8_Relação com outras pessoas da empresa, em momentos de trabalho;Relação com outras pessoas da empresa, em momentos de trabalho;1.f.8_Relação com outras pessoas da empresa, em momentos de trabalho;;OK
1.f.9;2023,2024,2025;Relação com outros membros da empresa, em momentos de integração e outros momentos fora do trabalho;('P1_f_9', 'Relação com outros membros da empresa, em momentos de integração e outros momentos fora do trabalho');Relação com outras pessoas da empresa, em momentos de integração e outros momentos fora do trabalho;1.f.9_Relação com outras pessoas da empresa, em momentos de integração e outros momentos fora do trabalho;Relação com outras pessoas da empresa, em momentos de integração e outros momentos fora do trabalho;1.f.9_Relação com outras pessoas da empresa, em momentos de integração e outros momentos fora do trabalho;;OK
1.g;2023,2024,2025;vive_no_brasil;('P1_g ', 'vive_no_brasil');vive_no_brasil;1.g_vive_no_brasil;vive_no_brasil;1.g_vive_no_brasil;;OK
1.h;2024,2025;;;pais_onde_mora;1.h_pais_onde_mora;pais_onde_mora;1.h_pais_onde_mora;;OK
1.i;2023,2024,2025;Estado onde mora;('P1_i ', 'Estado onde mora');estado_onde_mora;1.i_estado_onde_mora;estado_onde_mora;1.i_estado_onde_mora;;OK
1.i.1;2023,2024,2025;uf onde mora;('P1_i_1 ', 'uf onde mora');uf_onde_mora;1.i.1_uf_onde_mora;uf_onde_mora;1.i.1_uf_onde_mora;;OK
1.i.2;2023,2024,2025;Regiao onde mora;('P1_i_2 ', 'Regiao onde mora');regiao_onde_mora;1.i.2_regiao_onde_mora;regiao_onde_mora;1.i.2_regiao_onde_mora;;OK
1.j;2023,2024,2025;Mudou de Estado?;('P1_j ', 'Mudou de Estado?');vive_no_estado_de_formacao;1.j_vive_no_estado_de_formacao;vive_no_estado_de_formacao;1.j_vive_no_estado_de_formacao;Mudou de Estado?;SEPARAR:2023
1.k;2023,2024,2025;;;estado_de_origem;1.k_estado_de_origem;estado_de_origem;1.k_estado_de_origem;Regiao de origem;
1.k.1;2024,2025;;;uf_de_origem;1.k.1_uf_de_origem;uf_de_origem;1.k.1_uf_de_origem;;AJUSTAR
1.k.2;2024,2025;Regiao de origem;('P1_k ', 'Regiao de origem');regiao_de_origem;1.k.2_regiao_de_origem;regiao_de_origem;1.k.2_regiao_de_origem;;AJUSTAR
1.l;2023,2024,2025;Nivel de Ensino;('P1_l ', 'Nivel de Ensino');nivel_de_ensino;1.l_nivel_de_ensino;nivel_de_ensino;1.l_nivel_de_ensino;;OK
1.m;2023,2024,2025;Área de Formação;('P1_m ', 'Área de Formação');área_de_formação;1.m_área_de_formação;área_de_formação;1.m_área_de_formação;;OK
2.a;2023,2024,2025;Qual sua situação atual de trabalho?;('P2_a ', 'Qual sua situação atual de trabalho?');situação_de_trabalho;2.a_situação_de_trabalho;situação_de_trabalho;2.a_situação_de_trabalho;;OK
2.b;2023,2024,2025;Setor;('P2_b ', 'Setor');setor;2.b_setor;setor;2.b_setor;;OK
2.c;2023,2024,2025;Numero de Funcionarios;('P2_c ', 'Numero de Funcionarios');numero_de_funcionarios;2.c_numero_de_funcionarios;numero_de_funcionarios;2.c_numero_de_funcionarios;;OK
2.d;2023,2024,2025;Gestor?;('P2_d ', 'Gestor?');atua_como_gestor;2.d_atua_como_gestor;atua_como_gestor;2.d_atua_como_gestor;;OK
2.e;2023,2024,2025;Cargo como Gestor;('P2_e ', 'Cargo como Gestor');cargo_como_gestor;2.e_cargo_como_gestor;cargo_como_gestor;2.e_cargo_como_gestor;;OK
2.f;2023,2024,2025;Cargo Atual;('P2_f ', 'Cargo Atual');cargo_atual;2.f_cargo_atual;cargo_atual;2.f_cargo_atual;;OK
2.g;2023,2024,2025;Nivel;('P2_g ', 'Nivel');nivel;2.g_nivel;nivel;2.g_nivel;;OK
2.h;2023,2024,2025;Faixa salarial;('P2_h ', 'Faixa salarial');faixa_salarial;2.h_faixa_salarial;faixa_salarial;2.h_faixa_salarial;;OK
2.i;2023,2024,2025;Quanto tempo de experiência na área de dados você tem?;('P2_i ', 'Quanto tempo de experiência na área de dados você tem?');tempo_de_experiencia_em_dados;2.i_tempo_de_experiencia_em_dados;tempo_de_experiencia_em_dados;2.i_tempo_de_experiencia_em_dados;;OK
2.j;2023,2024,2025;Quanto tempo de experiência na área de TI/Engenharia de Software você teve antes de começar a trabalhar na área de dados?;('P2_j ', 'Quanto tempo de experiência na área de TI/Engenharia de Software você teve antes de começar a trabalhar na área de dados?');tempo_de_experiencia_em_ti;2.j_tempo_de_experiencia_em_ti;tempo_de_experiencia_em_ti;2.j_tempo_de_experiencia_em_ti;;OK
2.k;2023,2024,2025;Você está satisfeito na sua empresa atual?;('P2_k ', 'Você está satisfeito na sua empresa atual?');satisfeito_atualmente;2.k_satisfeito_atualmente;satisfeito_atualmente;2.k_satisfeito_atualmente;;OK
2.l;2023,2024,2025;Qual o principal motivo da sua insatisfação com a empresa atual?;('P2_l ', 'Qual o principal motivo da sua insatisfação com a empresa atual?');motivo_insatisfacao;2.l_motivo_insatisfacao;motivo_insatisfacao;2.l_motivo_insatisfacao;;OK
2.l.1;2023,2024,2025;Salário atual não corresponde ao mercado;('P2_l_2 ', 'Salário atual não corresponde ao mercado');Remuneração/Salário;2.l.1_Remuneração/Salário;Remuneração/Salário;2.l.1_Remuneração/Salário;;
2.l.2;2023,2024,2025;Gostaria de receber mais benefícios;('P2_l_5 ', 'Gostaria de receber mais benefícios');Benefícios;2.l.2_Benefícios;Benefícios;2.l.2_Benefícios;;
2.l.3;2023,2024,2025;;;Propósito do trabalho e da empresa;2.l.3_Propósito do trabalho e da empresa;Propósito do trabalho e da empresa;2.l.3_Propósito do trabalho e da empresa;;
2.l.4;2023,2024,2025;;;Flexibilidade de trabalho remoto;2.l.4_Flexibilidade de trabalho remoto;Flexibilidade de trabalho remoto;2.l.4_Flexibilidade de trabalho remoto;;
2.l.5;2023,2024,2025;O clima de trabalho/ambiente não é bom;('P2_l_6 ', 'O clima de trabalho/ambiente não é bom');Ambiente e clima de trabalho;2.l.5_Ambiente e clima de trabalho;Ambiente e clima de trabalho;2.l.5_Ambiente e clima de trabalho;;
2.l.6;2023,2024,2025;;;Oportunidade de aprendizado e trabalhar com referências;2.l.6_Oportunidade de aprendizado e trabalhar com referências;Oportunidade de aprendizado e trabalhar com referências;2.l.6_Oportunidade de aprendizado e trabalhar com referências;;
2.l.7;2023,2024,2025;Falta de oportunidade de crescimento no emprego atual;('P2_l_1 ', 'Falta de oportunidade de crescimento no emprego atual');Oportunidades de crescimento;2.l.7_Oportunidades de crescimento;Oportunidades de crescimento;2.l.7_Oportunidades de crescimento;;
2.l.8;2024,2025;Falta de maturidade analítica na empresa;('P2_l_7 ', 'Falta de maturidade analítica na empresa');Maturidade da empresa em termos de tecnologia e dados;2.l.8_Maturidade da empresa em termos de tecnologia e dados;Maturidade da empresa em termos de tecnologia e dados;2.l.8_Maturidade da empresa em termos de tecnologia e dados;;
2.l.9;2024,2025;Não tenho uma boa relação com meu líder/gestor;('P2_l_3 ', 'Não tenho uma boa relação com meu líder/gestor');Relação com os gestores e líderes;2.l.9_Relação com os gestores e líderes;Relação com os gestores e líderes;2.l.9_Relação com os gestores e líderes;;
2.l.10;2024,2025;;;Reputação que a empresa tem no mercado;2.l.10_Reputação que a empresa tem no mercado;Reputação que a empresa tem no mercado;2.l.10_Reputação que a empresa tem no mercado;;
2.l.11;2024,2025;Gostaria de trabalhar em em outra área de atuação;('P2_l_4 ', 'Gostaria de trabalhar em em outra área de atuação');Gostaria de trabalhar em outra área;2.l.11_Gostaria de trabalhar em outra área;Gostaria de trabalhar em outra área;2.l.11_Gostaria de trabalhar em outra área;;
2.m;2023,2024,2025;Você participou de entrevistas de emprego nos últimos 6 meses?;('P2_m ', 'Você participou de entrevistas de emprego nos últimos 6 meses?');participou_de_entrevistas_ultimos_6m;2.m_participou_de_entrevistas_ultimos_6m;participou_de_entrevistas_ultimos_6m;2.m_participou_de_entrevistas_ultimos_6m;;OK
2.n;2023,2024,2025;Você pretende mudar de emprego nos próximos 6 meses?;('P2_n ', 'Você pretende mudar de emprego nos próximos 6 meses?');planos_de_mudar_de_emprego_6m;2.n_planos_de_mudar_de_emprego_6m;planos_de_mudar_de_emprego_6m;2.n_planos_de_mudar_de_emprego_6m;;OK
2.o;2023,2024,2025;Quais os principais critérios que você leva em consideração no momento de decidir onde trabalhar?;('P2_o ', 'Quais os principais critérios que você leva em consideração no momento de decidir onde trabalhar?');criterios_para_escolha_de_emprego;2.o_criterios_para_escolha_de_emprego;criterios_para_escolha_de_emprego;2.o_criterios_para_escolha_de_emprego;;OK
2.o.1;2023,2024,2025;Remuneração/Salário;('P2_o_1 ', 'Remuneração/Salário');Remuneração/Salário;2.o.1_Remuneração/Salário;Remuneração/Salário;2.o.1_Remuneração/Salário;;OK
2.o.2;2023,2024,2025;Benefícios;('P2_o_2 ', 'Benefícios');Benefícios;2.o.2_Benefícios;Benefícios;2.o.2_Benefícios;;OK
2.o.3;2023,2024,2025;Propósito do trabalho e da empresa;('P2_o_3 ', 'Propósito do trabalho e da empresa');Propósito do trabalho e da empresa;2.o.3_Propósito do trabalho e da empresa;Propósito do trabalho e da empresa;2.o.3_Propósito do trabalho e da empresa;;OK
2.o.4;2023,2024,2025;Flexibilidade de trabalho remoto;('P2_o_4 ', 'Flexibilidade de trabalho remoto');Flexibilidade de trabalho remoto;2.o.4_Flexibilidade de trabalho remoto;Flexibilidade de trabalho remoto;2.o.4_Flexibilidade de trabalho remoto;;OK
2.o.5;2023,2024,2025;Ambiente e clima de trabalho;('P2_o_5 ', 'Ambiente e clima de trabalho');Ambiente e clima de trabalho;2.o.5_Ambiente e clima de trabalho;Ambiente e clima de trabalho;2.o.5_Ambiente e clima de trabalho;;OK
2.o.6;2023,2024,2025;Oportunidade de aprendizado e trabalhar com referências na área;('P2_o_6 ', 'Oportunidade de aprendizado e trabalhar com referências na área');Oportunidade de aprendizado e trabalhar com referências;2.o.6_Oportunidade de aprendizado e trabalhar com referências;Oportunidade de aprendizado e trabalhar com referências;2.o.6_Oportunidade de aprendizado e trabalhar com referências;;OK
2.o.7;2023,2024,2025;Plano de carreira e oportunidades de crescimento profissional;('P2_o_7 ', 'Plano de carreira e oportunidades de crescimento profissional');Plano de carreira e oportunidades de crescimento;2.o.7_Plano de carreira e oportunidades de crescimento;Plano de carreira e oportunidades de crescimento;2.o.7_Plano de carreira e oportunidades de crescimento;;OK
2.o.8;2023,2024,2025;Maturidade da empresa em termos de tecnologia e dados;('P2_o_8 ', 'Maturidade da empresa em termos de tecnologia e dados');Maturidade da empresa em termos de tecnologia e dados;2.o.8_Maturidade da empresa em termos de tecnologia e dados;Maturidade da empresa em termos de tecnologia e dados;2.o.8_Maturidade da empresa em termos de tecnologia e dados;;OK
2.o.9;2023,2024,2025;Qualidade dos gestores e líderes;('P2_o_9 ', 'Qualidade dos gestores e líderes');Qualidade dos gestores e líderes;2.o.9_Qualidade dos gestores e líderes;Qualidade dos gestores e líderes;2.o.9_Qualidade dos gestores e líderes;;OK
2.o.10;2023,2024,2025;Reputação que a empresa tem no mercado;('P2_o_10 ', 'Reputação que a empresa tem no mercado');Reputação que a empresa tem no mercado;2.o.10_Reputação que a empresa tem no mercado;Reputação que a empresa tem no mercado;2.o.10_Reputação que a empresa tem no mercado;;OK
2.p;2025;;;;;empresa_passou_por_layoff_em_2025;2.p_empresa_passou_por_layoff_em_2025;;OK
2.q;2023,2024,2025;Empresa que trabaha passou por layoff em 2023;('P2_q ', 'Empresa que trabaha passou por layoff em 2023');empresa_passou_por_layoff_em_2024;2.q_empresa_passou_por_layoff_em_2024;;2.q_modelo_de_trabalho_atual;Empresa que trabalha passou por layoff em 2023?;SEPARAR:2023
2.r;2023,2024,2025;Atualmente qual a sua forma de trabalho?;('P2_r ', 'Atualmente qual a sua forma de trabalho?');modelo_de_trabalho_atual;2.r_modelo_de_trabalho_atual;modelo_de_trabalho_atual;2.r_modelo_de_trabalho_ideal;;AJUSTAR
2.s;2023,2024,2025;Qual a forma de trabalho ideal para você?;('P2_s ', 'Qual a forma de trabalho ideal para você?');modelo_de_trabalho_ideal;2.s_modelo_de_trabalho_ideal;modelo_de_trabalho_ideal;2.s_atitude_em_caso_de_retorno_presencial;;AJUSTAR
2.t;2023,2024;Caso sua empresa decida pelo modelo 100% presencial qual será sua atitude?;('P2_t ', 'Caso sua empresa decida pelo modelo 100% presencial qual será sua atitude?');atitude_em_caso_de_retorno_presencial;2.t_atitude_em_caso_de_retorno_presencial;;;;OK
3.a;2023,2024,2025;Qual o número aproximado de pessoas que atuam com dados na sua empresa hoje?;('P3_a ', 'Qual o número aproximado de pessoas que atuam com dados na sua empresa hoje?');numero_de_pessoas_em_dados;3.a_numero_de_pessoas_em_dados;numero_de_pessoas_em_dados;3.a_numero_de_pessoas_em_dados;;
3.b;2023,2024,2025;Quais desses papéis/cargos fazem parte do time (ou chapter) de dados da sua empresa?;('P3_b ', 'Quais desses papéis/cargos fazem parte do time (ou chapter) de dados da sua empresa?');cargos_no_time_de_dados_da_empresa;3.b_cargos_no_time_de_dados_da_empresa;cargos_no_time_de_dados_da_empresa;3.b_cargos_no_time_de_dados_da_empresa;;
3.b.1;2023,2024,2025;Analytics Engineer;('P3_b_1 ', 'Analytics Engineer');Analytics Engineer;3.b.1_Analytics Engineer;Analytics Engineer;3.b.1_Analytics Engineer;;
3.b.2;2023,2024,2025;Engenharia de Dados/Data Engineer;('P3_b_2 ', 'Engenharia de Dados/Data Engineer');Engenharia de Dados/Data Engineer;3.b.2_Engenharia de Dados/Data Engineer;Engenharia de Dados/Data Engineer;3.b.2_Engenharia de Dados/Data Engineer;;
3.b.3;2023,2024,2025;Analista de Dados/Data Analyst;('P3_b_3 ', 'Analista de Dados/Data Analyst');Analista de Dados/Data Analyst;3.b.3_Analista de Dados/Data Analyst;Analista de Dados/Data Analyst;3.b.3_Analista de Dados/Data Analyst;;
3.b.4;2023,2024,2025;Cientista de Dados/Data Scientist;('P3_b_4 ', 'Cientista de Dados/Data Scientist');Cientista de Dados/Data Scientist;3.b.4_Cientista de Dados/Data Scientist;Cientista de Dados/Data Scientist;3.b.4_Cientista de Dados/Data Scientist;;
3.b.5;2023,2024,2025;Database Administrator/DBA;('P3_b_5 ', 'Database Administrator/DBA');Database Administrator/DBA;3.b.5_Database Administrator/DBA;Database Administrator/DBA;3.b.5_Database Administrator/DBA;;
3.b.6;2023,2024,2025;Analista de Business Intelligence/BI;('P3_b_6 ', 'Analista de Business Intelligence/BI');Analista de Business Intelligence/BI;3.b.6_Analista de Business Intelligence/BI;Analista de Business Intelligence/BI;3.b.6_Analista de Business Intelligence/BI;;
3.b.7;2023,2024,2025;Arquiteto de Dados/Data Architect;('P3_b_7 ', 'Arquiteto de Dados/Data Architect');Arquiteto de Dados/Data Architect;3.b.7_Arquiteto de Dados/Data Architect;Arquiteto de Dados/Data Architect;3.b.7_Arquiteto de Dados/Data Architect;;
3.b.8;2023,2024,2025;Data Product Manager/DPM;('P3_b_8 ', 'Data Product Manager/DPM');Data Product Manager/DPM;3.b.8_Data Product Manager/DPM;Data Product Manager/DPM;3.b.8_Data Product Manager/DPM;;
3.b.9;2023,2024,2025;Business Analyst;('P3_b_9 ', 'Business Analyst');Business Analyst;3.b.9_Business Analyst;Business Analyst;3.b.9_Business Analyst;;
3.b.10;2024,2025;;;ML Engineer/AI Engineer;3.b.10_ML Engineer/AI Engineer;ML Engineer/AI Engineer;3.b.10_ML Engineer/AI Engineer;;
3.c;2023,2024,2025;Quais dessas responsabilidades fazem parte da sua rotina atual de trabalho como gestor?;('P3_c ', 'Quais dessas responsabilidades fazem parte da sua rotina atual de trabalho como gestor?');responsabilidades_como_gestor;3.c_responsabilidades_como_gestor;responsabilidades_como_gestor;3.c_responsabilidades_como_gestor;;
3.c.1;2023,2024,2025;Pensar na visão de longo prazo de dados da empresa e fortalecimento da cultura analítica da companhia.;('P3_c_1 ', 'Pensar na visão de longo prazo de dados da empresa e fortalecimento da cultura analítica da companhia.');Pensar na visão de longo prazo de dados;3.c.1_Pensar na visão de longo prazo de dados;Pensar na visão de longo prazo de dados;3.c.1_Pensar na visão de longo prazo de dados;;
3.c.2;2023,2024,2025;Organização de treinamentos e iniciativas com o objetivo de aumentar a maturidade analítica das áreas de negócios.;('P3_c_2 ', 'Organização de treinamentos e iniciativas com o objetivo de aumentar a maturidade analítica das áreas de negócios.');Organização de treinamentos e iniciativas;3.c.2_Organização de treinamentos e iniciativas;Organização de treinamentos e iniciativas;3.c.2_Organização de treinamentos e iniciativas;;
3.c.3;2023,2024,2025;Atração, seleção e contratação de talentos para o time de dados.;('P3_c_3 ', 'Atração, seleção e contratação de talentos para o time de dados.');Atração, seleção e contratação;3.c.3_Atração, seleção e contratação;Atração, seleção e contratação;3.c.3_Atração, seleção e contratação;;
3.c.4;2023,2024,2025;Decisão sobre contratação de ferramentas e tecnologias relacionadas a dados.;('P3_c_4 ', 'Decisão sobre contratação de ferramentas e tecnologias relacionadas a dados.');Decisão sobre contratação de ferramentas;3.c.4_Decisão sobre contratação de ferramentas;Decisão sobre contratação de ferramentas;3.c.4_Decisão sobre contratação de ferramentas;;
3.c.5;2023,2024,2025;Sou gestor da equipe responsável pela engenharia de dados e por manter o Data Lake da empresa como fonte única dos dados, garantindo a qualidade e confiabilidade da informação.;('P3_c_5 ', 'Sou gestor da equipe responsável pela engenharia de dados e por manter o Data Lake da empresa como fonte única dos dados, garantindo a qualidade e confiabilidade da informação.');gestor da equipe de engenharia de dados;3.c.5_gestor da equipe de engenharia de dados;gestor da equipe de engenharia de dados;3.c.5_gestor da equipe de engenharia de dados;;
3.c.6;2023,2024,2025;Sou gestor da equipe responsável pela entrega de dados, estudos, relatórios e dashboards para as áreas de negócio da empresa.;('P3_c_6 ', 'Sou gestor da equipe responsável pela entrega de dados, estudos, relatórios e dashboards para as áreas de negócio da empresa.');gestor da equipe de estudos, relatórios;3.c.6_gestor da equipe de estudos, relatórios;gestor da equipe de estudos, relatórios;3.c.6_gestor da equipe de estudos, relatórios;;
3.c.7;2023,2024,2025;Sou gestor da equipe responsável por iniciativas e projetos envolvendo Inteligência Artificial e Machine Learning.;('P3_c_7 ', 'Sou gestor da equipe responsável por iniciativas e projetos envolvendo Inteligência Artificial e Machine Learning.');gestor da equipe de Inteligência Artificial e Machine Learning;3.c.7_gestor da equipe de Inteligência Artificial e Machine Learning;gestor da equipe de Inteligência Artificial e Machine Learning;3.c.7_gestor da equipe de Inteligência Artificial e Machine Learning;;
3.c.8;2023,2024,2025;Apesar de ser gestor ainda atuo na parte técnica, construindo soluções/análises/modelos etc.;('P3_c_8 ', 'Apesar de ser gestor ainda atuo na parte técnica, construindo soluções/análises/modelos etc.');Apesar de ser gestor ainda atuo na parte técnica;3.c.8_Apesar de ser gestor ainda atuo na parte técnica;Apesar de ser gestor ainda atuo na parte técnica;3.c.8_Apesar de ser gestor ainda atuo na parte técnica;;
3.c.9;2023,2024,2025;Gestão de projetos de dados, cuidando das etapas, equipes envolvidas, atingimento dos objetivos etc.;('P3_c_9 ', 'Gestão de projetos de dados, cuidando das etapas, equipes envolvidas, atingimento dos objetivos etc.');Gestão de projetos de dados;3.c.9_Gestão de projetos de dados;Gestão de projetos de dados;3.c.9_Gestão de projetos de dados;;
3.c.10;2023,2024,2025;Gestão de produtos de dados, cuidando da visão dos produtos, backlog, feedback de usuários etc.;('P3_c_10 ', 'Gestão de produtos de dados, cuidando da visão dos produtos, backlog, feedback de usuários etc.');Gestão de produtos de dados;3.c.10_Gestão de produtos de dados;Gestão de produtos de dados;3.c.10_Gestão de produtos de dados;;
3.c.11;2023,2024,2025;Gestão de pessoas, apoio no desenvolvimento das pessoas, evolução de carreira;('P3_c_11 ', 'Gestão de pessoas, apoio no desenvolvimento das pessoas, evolução de carreira');Gestão de pessoas;3.c.11_Gestão de pessoas;Gestão de pessoas;3.c.11_Gestão de pessoas;;
3.d;2023,2024,2025;Quais são os 3 maiores desafios que você tem como gestor no atual momento?;('P3_d ', 'Quais são os 3 maiores desafios que você tem como gestor no atual momento?');desafios_como_gestor;3.d_desafios_como_gestor;desafios_como_gestor;3.d_desafios_como_gestor;;
3.d.1;2023,2024,2025;a Contratar novos talentos.;('P3_d_1 ', 'a Contratar novos talentos.');Contratar talentos;3.d.1_Contratar talentos;Contratar talentos;3.d.1_Contratar talentos;;
3.d.2;2023,2024,2025;b Reter talentos.;('P3_d_2 ', 'b Reter talentos.');Reter talentos;3.d.2_Reter talentos;Reter talentos;3.d.2_Reter talentos;;
3.d.3;2023,2024,2025;c Convencer a empresa a aumentar os investimentos na área de dados.;('P3_d_3 ', 'c Convencer a empresa a aumentar os investimentos na área de dados.');Convencer a empresa a aumentar investimentos;3.d.3_Convencer a empresa a aumentar investimentos;Convencer a empresa a aumentar investimentos;3.d.3_Convencer a empresa a aumentar investimentos;;
3.d.4;2023,2024,2025;d Gestão de equipes no ambiente remoto.;('P3_d_4 ', 'd Gestão de equipes no ambiente remoto.');Gestão de equipes no ambiente remoto;3.d.4_Gestão de equipes no ambiente remoto;Gestão de equipes no ambiente remoto;3.d.4_Gestão de equipes no ambiente remoto;;
3.d.5;2023,2024,2025;e Gestão de projetos envolvendo áreas multidisciplinares da empresa.;('P3_d_5 ', 'e Gestão de projetos envolvendo áreas multidisciplinares da empresa.');Gestão de projetos envolvendo áreas multidisciplinares;3.d.5_Gestão de projetos envolvendo áreas multidisciplinares;Gestão de projetos envolvendo áreas multidisciplinares;3.d.5_Gestão de projetos envolvendo áreas multidisciplinares;;
3.d.6;2023,2024,2025;f Organizar as informações e garantir a qualidade e confiabilidade.;('P3_d_6 ', 'f Organizar as informações e garantir a qualidade e confiabilidade.');Organizar as informações com qualidade e confiabilidade;3.d.6_Organizar as informações com qualidade e confiabilidade;Organizar as informações com qualidade e confiabilidade;3.d.6_Organizar as informações com qualidade e confiabilidade;;
3.d.7;2023,2024,2025;g Conseguir processar e armazenar um alto volume de dados.;('P3_d_7 ', 'g Conseguir processar e armazenar um alto volume de dados.');Processar e armazenar um alto volume de dados;3.d.7_Processar e armazenar um alto volume de dados;Processar e armazenar um alto volume de dados;3.d.7_Processar e armazenar um alto volume de dados;;
3.d.8;2023,2024,2025;h Conseguir gerar valor para as áreas de negócios através de estudos e experimentos.;('P3_d_8 ', 'h Conseguir gerar valor para as áreas de negócios através de estudos e experimentos.');Gerar valor para as áreas de negócios;3.d.8_Gerar valor para as áreas de negócios;Gerar valor para as áreas de negócios;3.d.8_Gerar valor para as áreas de negócios;;
3.d.9;2023,2024,2025;i Desenvolver e manter modelos Machine Learning em produção.;('P3_d_9 ', 'i Desenvolver e manter modelos Machine Learning em produção.');Desenvolver e manter modelos Machine Learning em produção;3.d.9_Desenvolver e manter modelos Machine Learning em produção;Desenvolver e manter modelos Machine Learning em produção;3.d.9_Desenvolver e manter modelos Machine Learning em produção;;
3.d.10;2023,2024,2025;j Gerenciar a expectativa das áreas de negócio em relação as entregas das equipes de dados.;('P3_d_10 ', 'j Gerenciar a expectativa das áreas de negócio em relação as entregas das equipes de dados.');Gerenciar a expectativa das áreas;3.d.10_Gerenciar a expectativa das áreas;Gerenciar a expectativa das áreas;3.d.10_Gerenciar a expectativa das áreas;;
3.d.11;2023,2024,2025;k Garantir a manutenção dos projetos e modelos em produção, em meio ao crescimento da empresa.;('P3_d_11 ', 'k Garantir a manutenção dos projetos e modelos em produção, em meio ao crescimento da empresa.');Garantir a manutenção dos projetos e modelos em produção;3.d.11_Garantir a manutenção dos projetos e modelos em produção;Garantir a manutenção dos projetos e modelos em produção;3.d.11_Garantir a manutenção dos projetos e modelos em produção;;
3.d.12;2023,2024,2025;Conseguir levar inovação para a empresa através dos dados.;('P3_d_12 ', 'Conseguir levar inovação para a empresa através dos dados.');Conseguir levar inovação para a empresa;3.d.12_Conseguir levar inovação para a empresa;Conseguir levar inovação para a empresa;3.d.12_Conseguir levar inovação para a empresa;;
3.d.13;2023,2024,2025;Garantir retorno do investimento (ROI) em projetos de dados.;('P3_d_13 ', 'Garantir retorno do investimento (ROI) em projetos de dados.');Garantir (ROI) em projetos de dados;3.d.13_Garantir (ROI) em projetos de dados;Garantir (ROI) em projetos de dados;3.d.13_Garantir (ROI) em projetos de dados;;
3.d.14;2023,2024,2025;Dividir o tempo entre entregas técnicas e gestão.;('P3_d_14 ', 'Dividir o tempo entre entregas técnicas e gestão.');Dividir o tempo entre entregas técnicas e gestão;3.d.14_Dividir o tempo entre entregas técnicas e gestão;Dividir o tempo entre entregas técnicas e gestão;3.d.14_Dividir o tempo entre entregas técnicas e gestão;;
3.e;2023,2024,2025;AI Generativa é uma prioridade em sua empresa?;('P3_e ', 'AI Generativa é uma prioridade em sua empresa?');ai_generativa_e_llm_é_uma_prioridade?;3.e_ai_generativa_e_llm_é_uma_prioridade?;ai_generativa_e_llm_é_uma_prioridade?;3.e_ai_generativa_e_llm_é_uma_prioridade?;;
3.f;2023,2024,2025;Tipos de uso de AI Generativa e LLMs na empresa;('P3_f ', 'Tipos de uso de AI Generativa e LLMs na empresa');tipo_de_uso_de_ai_generativa_e_llm_na_empresa;3.f_tipo_de_uso_de_ai_generativa_e_llm_na_empresa;tipo_de_uso_de_ai_generativa_e_llm_na_empresa;3.f_tipo_de_uso_de_ai_generativa_e_llm_na_empresa;;
3.f.1;2023,2024,2025;Colaboradores usando AI generativa de forma independente e descentralizada;('P3_f_1 ', 'Colaboradores usando AI generativa de forma independente e descentralizada');Colaboradores usando AI generativa de forma independente e descentralizada;3.f.1 Colaboradores usando AI generativa de forma independente e descentralizada;Colaboradores usando AI generativa de forma independente e descentralizada;3.f.1 Colaboradores usando AI generativa de forma independente e descentralizada;;
3.f.2;2023,2024,2025;Direcionamento centralizado do uso de AI generativa;('P3_f_2 ', 'Direcionamento centralizado do uso de AI generativa');Direcionamento centralizado do uso de AI generativa;3.f.2 Direcionamento centralizado do uso de AI generativa;Direcionamento centralizado do uso de AI generativa;3.f.2 Direcionamento centralizado do uso de AI generativa;;
3.f.3;2023,2024,2025;Desenvolvedores utilizando Copilots;('P3_f_3 ', 'Desenvolvedores utilizando Copilots');Desenvolvedores utilizando Copilots;3.f.3 Desenvolvedores utilizando Copilots;Desenvolvedores utilizando Copilots;3.f.3 Desenvolvedores utilizando Copilots;;
3.f.4;2023,2024,2025;AI Generativa e LLMs para melhorar produtos externos;('P3_f_4 ', 'AI Generativa e LLMs para melhorar produtos externos');AI Generativa e LLMs para melhorar produtos externos para os clientes finais;3.f.4 AI Generativa e LLMs para melhorar produtos externos para os clientes finais;AI Generativa e LLMs para melhorar produtos externos para os clientes finais;3.f.4 AI Generativa e LLMs para melhorar produtos externos para os clientes finais;;
3.f.5;2023,2024,2025;AI Generativa e LLMs para melhorar produtos internos para os colaboradores;('P3_f_5 ', 'AI Generativa e LLMs para melhorar produtos internos para os colaboradores');AI Generativa e LLMs para melhorar produtos internos para os colaboradores;3.f.5 AI Generativa e LLMs para melhorar produtos internos para os colaboradores;AI Generativa e LLMs para melhorar produtos internos para os colaboradores;3.f.5 AI Generativa e LLMs para melhorar produtos internos para os colaboradores;;
3.f.6;2023,2024,2025;IA Generativa e LLMs como principal frente do negócio;('P3_f_6 ', 'IA Generativa e LLMs como principal frente do negócio');IA Generativa e LLMs como principal frente do negócio;3.f.6 IA Generativa e LLMs como principal frente do negócio;IA Generativa e LLMs como principal frente do negócio;3.f.6 IA Generativa e LLMs como principal frente do negócio;;
3.f.7;2023,2024,2025;IA Generativa e LLMs não é prioridade;('P3_f_7 ', 'IA Generativa e LLMs não é prioridade');IA Generativa e LLMs não é prioridade;3.f.7 IA Generativa e LLMs não é prioridade;IA Generativa e LLMs não é prioridade;3.f.7 IA Generativa e LLMs não é prioridade;;
3.f.8;2023,2024,2025;Não sei opinar sobre o uso de IA Generativa e LLMs na empresa;('P3_f_8 ', 'Não sei opinar sobre o uso de IA Generativa e LLMs na empresa');Não sei opinar sobre o uso de IA Generativa e LLMs na empresa;3.f.8 Não sei opinar sobre o uso de IA Generativa e LLMs na empresa;Não sei opinar sobre o uso de IA Generativa e LLMs na empresa;3.f.8 Não sei opinar sobre o uso de IA Generativa e LLMs na empresa;;
3.g;2023,2024,2025;Motivos que levam a empresa a não usar AI Genrativa e LLMs;('P3_g ', 'Motivos que levam a empresa a não usar AI Genrativa e LLMs');motivos_para_não_usar_ai_generativa_e_llm;3.g_motivos_para_não_usar_ai_generativa_e_llm;motivos_para_não_usar_ai_generativa_e_llm;3.h_motivos_para_não_usar_ai_generativa_e_llm;;
3.g.1;2023,2024;Falta de compreensão dos casos de uso;('P3_g_1 ', 'Falta de compreensão dos casos de uso');Falta de compreensão dos casos de uso;3.g.1 Falta de compreensão dos casos de uso;Falta de compreensão dos casos de uso;3.h.1 Falta de compreensão dos casos de uso;;
3.g.2;2023,2024;Falta de confiabilidade das saídas (alucinação dos modelos);('P3_g_2 ', 'Falta de confiabilidade das saídas (alucinação dos modelos)');Falta de confiabilidade das saídas (alucinação dos modelos);3.g.2 Falta de confiabilidade das saídas (alucinação dos modelos);Falta de confiabilidade das saídas (alucinação dos modelos);3.h.2 Falta de confiabilidade das saídas (alucinação dos modelos);;
3.g.3;2023,2024;Incerteza em relação a regulamentação;('P3_g_3 ', 'Incerteza em relação a regulamentação');Incerteza em relação a regulamentação;3.g.3 Incerteza em relação a regulamentação;Incerteza em relação a regulamentação;3.h.3 Incerteza em relação a regulamentação;;
3.g.4;2023,2024;Preocupações com segurança e privacidade de dados;('P3_g_4 ', 'Preocupações com segurança e privacidade de dados');Preocupações com segurança e privacidade de dados;3.g.4 Preocupações com segurança e privacidade de dados;Preocupações com segurança e privacidade de dados;3.h.4 Preocupações com segurança e privacidade de dados;;
3.g.5;2023,2024;Retorno sobre investimento (ROI) não comprovado de IA Generativa;('P3_g_5 ', 'Retorno sobre investimento (ROI) não comprovado de IA Generativa');Retorno sobre investimento (ROI) não comprovado de IA Generativa;3.g.5 Retorno sobre investimento (ROI) não comprovado de IA Generativa;Retorno sobre investimento (ROI) não comprovado de IA Generativa;3.h.5 Retorno sobre investimento (ROI) não comprovado de IA Generativa;;
3.g.6;2023,2024;Dados da empresa não estão prontos para uso de IA Generativa;('P3_g_6 ', 'Dados da empresa não estão prontos para uso de IA Generativa');Dados da empresa não estão prontos para uso de IA Generativa;3.g.6 Dados da empresa não estão prontos para uso de IA Generativa;Dados da empresa não estão prontos para uso de IA Generativa;3.h.6 Dados da empresa não estão prontos para uso de IA Generativa;;
3.g.7;2023,2024;Falta de expertise ou falta de recursos;('P3_g_7 ', 'Falta de expertise ou falta de recursos');Falta de expertise ou falta de recursos;3.g.7 Falta de expertise ou falta de recursos;Falta de expertise ou falta de recursos;3.h.7 Falta de expertise ou falta de recursos;;
3.g.8;2023,2024;Alta direção da empresa não vê valor ou não vê como prioridade;('P3_g_8 ', 'Alta direção da empresa não vê valor ou não vê como prioridade');Alta direção da empresa não vê valor ou não vê como prioridade;3.g.8 Alta direção da empresa não vê valor ou não vê como prioridade;Alta direção da empresa não vê valor ou não vê como prioridade;3.h.8 Alta direção da empresa não vê valor ou não vê como prioridade;;
3.g.9;2023,2024;Preocupações com propriedade intelectual;('P3_g_9 ', 'Preocupações com propriedade intelectual');Preocupações com propriedade intelectual;3.g.9 Preocupações com propriedade intelectual;Preocupações com propriedade intelectual;3.h.9 Preocupações com propriedade intelectual;;
3.h;2025;;;;;empresa_está_conseguindo_ter_bons_resultados_com_llms;3.g_empresa_está_conseguindo_ter_bons_resultados_com_llms;;
3.h.1;2025;;;;;;;;
3.h.2;2025;;;;;;;;
3.h.3;2025;;;;;;;;
3.h.4;2025;;;;;;;;
3.h.5;2025;;;;;;;;
3.h.6;2025;;;;;;;;
3.h.7;2025;;;;;;;;
3.h.8;2025;;;;;;;;
3.h.9;2025;;;;;;;;
4.a;2023,2024,2025;Mesmo que esse não seja seu cargo formal, você considera que sua atuação no dia a dia, reflete alguma das opções listadas abaixo?;('P4_a ', 'Mesmo que esse não seja seu cargo formal, você considera que sua atuação no dia a dia, reflete alguma das opções listadas abaixo?');funcao_de_atuacao;4.a_funcao_de_atuacao;funcao_de_atuacao;4.a_funcao_de_atuacao;;
4.a.1;2023,2024,2025;Atuacao;('P4_a_1 ', 'Atuacao');atuacao_em_dados;4.a.1_atuacao_em_dados;atuacao_em_dados;4.a.1_atuacao_em_dados;;
4.b;2023,2024,2025;Quais das fontes de dados listadas você já analisou ou processou no trabalho?;('P4_b ', 'Quais das fontes de dados listadas você já analisou ou processou no trabalho?');fontes_de_dados_(dia_a_dia);4.b_fontes_de_dados_(dia_a_dia);fontes_de_dados_(dia_a_dia);4.b_fontes_de_dados_(dia_a_dia);;
4.b.1;2023,2024,2025;Dados relacionais (estruturados em bancos SQL);('P4_b_1 ', 'Dados relacionais (estruturados em bancos SQL)');Dados relacionais (estruturados em bancos SQL);4.b.1_Dados relacionais (estruturados em bancos SQL);Dados relacionais (estruturados em bancos SQL);4.b.1_Dados relacionais (estruturados em bancos SQL);;
4.b.2;2023,2024,2025;Dados armazenados em bancos NoSQL;('P4_b_2 ', 'Dados armazenados em bancos NoSQL');Dados armazenados em bancos NoSQL;4.b.2_Dados armazenados em bancos NoSQL;Dados armazenados em bancos NoSQL;4.b.2_Dados armazenados em bancos NoSQL;;
4.b.3;2023,2024,2025;Imagens;('P4_b_3 ', 'Imagens');Imagens;4.b.3_Imagens;Imagens;4.b.3_Imagens;;
4.b.4;2023,2024,2025;Textos/Documentos;('P4_b_4 ', 'Textos/Documentos');Textos/Documentos;4.b.4_Textos/Documentos;Textos/Documentos;4.b.4_Textos/Documentos;;
4.b.5;2023,2024,2025;Vídeos;('P4_b_5 ', 'Vídeos');Vídeos;4.b.5_Vídeos;Vídeos;4.b.5_Vídeos;;
4.b.6;2023,2024,2025;Áudios;('P4_b_6 ', 'Áudios');Áudios;4.b.6_Áudios;Áudios;4.b.6_Áudios;;
4.b.7;2023,2024,2025;Planilhas;('P4_b_7 ', 'Planilhas');Planilhas;4.b.7_Planilhas;Planilhas;4.b.7_Planilhas;;
4.b.8;2023,2024,2025;Dados georeferenciados;('P4_b_8 ', 'Dados georeferenciados');Dados georeferenciados;4.b.8_Dados georeferenciados;Dados georeferenciados;4.b.8_Dados georeferenciados;;
4.c;2023,2024,2025;Entre as fontes de dados listadas, quais você utiliza na maior parte do tempo?;('P4_c ', 'Entre as fontes de dados listadas, quais você utiliza na maior parte do tempo?');fonte_de_dado_mais_usada;4.c_fonte_de_dado_mais_usada;linguagem_preferida;4.c_linguagem_preferida;;
4.c.1;2023,2024,2025;Dados relacionais (estruturados em bancos SQL);('P4_c_1 ', 'Dados relacionais (estruturados em bancos SQL)');Dados relacionais (estruturados em bancos SQL);4.c.1_Dados relacionais (estruturados em bancos SQL);SQL;4.c.1_SQL;;
4.c.2;2023,2024,2025;Dados armazenados em bancos NoSQL;('P4_c_2 ', 'Dados armazenados em bancos NoSQL');Dados armazenados em bancos NoSQL;4.c.2_Dados armazenados em bancos NoSQL;R;4.c.2_R;R;SEPARAR:2025
4.c.3;2023,2024,2025;Imagens;('P4_c_3 ', 'Imagens');Imagens;4.c.3_Imagens;Python;4.c.3_Python;Python;SEPARAR:2025
4.c.4;2023,2024,2025;Textos/Documentos;('P4_c_4 ', 'Textos/Documentos');Textos/Documentos;4.c.4_Textos/Documentos;C/C++/C#;4.c.4_C/C++/C#;C/C++/C#;SEPARAR:2025
4.c.5;2023,2024,2025;Vídeos;('P4_c_5 ', 'Vídeos');Vídeos;4.c.5_Vídeos;Julia;4.c.5_Julia;Julia;SEPARAR:2025
4.c.6;2023,2024,2025;Áudios;('P4_c_6 ', 'Áudios');Áudios;4.c.6_Áudios;Visual Basic/VBA;4.c.6_Visual Basic/VBA;Visual Basic/VBA;SEPARAR:2025
4.c.7;2023,2024,2025;Planilhas;('P4_c_7 ', 'Planilhas');Planilhas;4.c.7_Planilhas;Scala;4.c.7_Scala;Scala;SEPARAR:2025
4.c.8;2023,2024,2025;Dados georeferenciados;('P4_c_8 ', 'Dados georeferenciados');Dados georeferenciados;4.c.8_Dados georeferenciados;DAX;4.c.8_DAX;DAX;SEPARAR:2025
4.c.9;2025;;;;;Rust;4.c.9_Rust;;
4.c.10;2025;;;;;Não utilizo nenhuma das linguagens listadas;4.c.10_Não utilizo nenhuma das linguagens listadas;;
4.d;2023,2024,2025;Quais das linguagens listadas abaixo você utiliza no trabalho?;('P4_d ', 'Quais das linguagens listadas abaixo você utiliza no trabalho?');linguagem_de_programacao_(dia_a_dia);4.d_linguagem_de_programacao_(dia_a_dia);banco_de_dados_(dia_a_dia);4.d_banco_de_dados_(dia_a_dia);banco_de_dados_(dia_a_dia);SEPARAR:2025
4.d.1;2023,2024,2025;SQL;('P4_d_1 ', 'SQL');SQL;4.d.1_SQL;MySQL;4.d.1_MySQL;MySQL;SEPARAR:2025
4.d.2;2023,2024,2025;R;('P4_d_2 ', 'R ');R;4.d.2_R;Oracle;4.d.2_Oracle;Oracle;SEPARAR:2025
4.d.3;2023,2024,2025;Python;('P4_d_3 ', 'Python');Python;4.d.3_Python;SQL SERVER;4.d.3_SQL SERVER;SQL SERVER;SEPARAR:2025
4.d.4;2023,2024,2025;C/C++/C#;('P4_d_4 ', 'C/C++/C#');C/C++/C#;4.d.4_C/C++/C#;Amazon Aurora ou RDS;4.d.4_Amazon Aurora ou RDS;Amazon Aurora ou RDS;SEPARAR:2025
4.d.5;2023,2024,2025;.NET;('P4_d_5 ', '.NET');.NET;4.d.5_.NET;DynamoDB;4.d.5_DynamoDB;DynamoDB;SEPARAR:2025
4.d.6;2023,2024,2025;Java;('P4_d_6 ', 'Java');Java;4.d.6_Java;CoachDB;4.d.6_CoachDB;CoachDB;SEPARAR:2025
4.d.7;2023,2024,2025;Julia;('P4_d_7 ', 'Julia');Julia;4.d.7_Julia;Cassandra;4.d.7_Cassandra;Cassandra;SEPARAR:2025
4.d.8;2023,2024,2025;SAS/Stata;('P4_d_8 ', 'SAS/Stata');SAS/Stata;4.d.8_SAS/Stata;MongoDB;4.d.8_MongoDB;MongoDB;SEPARAR:2025
4.d.9;2023,2024,2025;Visual Basic/VBA;('P4_d_9 ', 'Visual Basic/VBA');Visual Basic/VBA;4.d.9_Visual Basic/VBA;MariaDB;4.d.9_MariaDB;MariaDB;SEPARAR:2025
4.d.10;2023,2024,2025;Scala;('P4_d_10 ', 'Scala');Scala;4.d.10_Scala;Datomic;4.d.10_Datomic;Datomic;SEPARAR:2025
4.d.11;2023,2024,2025;Matlab;('P4_d_11 ', 'Matlab');Matlab;4.d.11_Matlab;S3;4.d.11_S3;S3;SEPARAR:2025
4.d.12;2023,2024,2025;Rust;('P4_d_12 ', 'Rust');Rust;4.d.12_Rust;PostgreSQL;4.d.12_PostgreSQL;PostgreSQL;SEPARAR:2025
4.d.13;2023,2024,2025;PHP;('P4_d_13 ', 'PHP');PHP;4.d.13_PHP;ElasticSearch;4.d.13_ElasticSearch;ElasticSearch;SEPARAR:2025
4.d.14;2023,2024,2025;JavaScript;('P4_d_14 ', 'JavaScript');JavaScript;4.d.14_JavaScript;DB2;4.d.14_DB2;DB2;SEPARAR:2025
4.d.15;2023,2024,2025;Não utilizo nenhuma linguagem;('P4_d_15 ', 'Não utilizo nenhuma linguagem');Não utilizo nenhuma das linguagens listadas;4.d.15_Não utilizo nenhuma das linguagens listadas;Microsoft Access;4.d.15_Microsoft Access;Microsoft Access;SEPARAR:2025
4.d.16;2025;;;;;SQLite;4.d.16_SQLite;;
4.d.17;2025;;;;;Sybase;4.d.17_Sybase;;
4.d.18;2025;;;;;Firebase;4.d.18_Firebase;;
4.d.19;2025;;;;;Vertica;4.d.19_Vertica;;
4.d.20;2025;;;;;Redis;4.d.20_Redis;;
4.d.21;2025;;;;;Neo4J;4.d.21_Neo4J;;
4.d.22;2025;;;;;Google BigQuery;4.d.22_Google BigQuery;;
4.d.23;2025;;;;;Google Firestore;4.d.23_Google Firestore;;
4.d.24;2025;;;;;Amazon Redshift;4.d.24_Amazon Redshift;;
4.d.25;2025;;;;;Amazon Athena;4.d.25_Amazon Athena;;
4.d.26;2025;;;;;Snowflake;4.d.26_Snowflake;;
4.d.27;2025;;;;;Databricks;4.d.27_Databricks;;
4.d.28;2025;;;;;HBase;4.d.28_HBase;;
4.d.29;2025;;;;;Presto;4.d.29_Presto;;
4.d.30;2025;;;;;Splunk;4.d.30_Splunk;;
4.d.31;2025;;;;;SAP HANA;4.d.31_SAP HANA;;
4.d.32;2025;;;;;Hive;4.d.32_Hive;;
4.d.33;2025;;;;;Firebird;4.d.33_Firebird;;
4.e;2023,2024,2025;Entre as linguagens listadas abaixo, qual é a que você mais utiliza no trabalho?;('P4_e ', 'Entre as linguagens listadas abaixo, qual é a que você mais utiliza no trabalho?');linguagem_mais_usada;4.e_linguagem_mais_usada;cloud_(dia_a_dia);4.e_cloud_(dia_a_dia);cloud_(dia_a_dia);SEPARAR:2025
4.e.1;2025;;;;;Amazon Web Services (AWS);4.e.1_Amazon Web Services (AWS);;
4.e.2;2025;;;;;Google Cloud (GCP);4.e.2_Google Cloud (GCP);;
4.e.3;2025;;;;;Azure (Microsoft);4.e.3_Azure (Microsoft);;
4.e.4;2025;;;;;Oracle Cloud;4.e.4_Oracle Cloud;;
4.e.5;2025;;;;;IBM;4.e.5_IBM;;
4.e.6;2025;;;;;Servidores On Premise/Não utilizamos Cloud;4.e.6_Servidores On Premise/Não utilizamos Cloud;;
4.e.7;2025;;;;;Cloud Própria;4.e.7_Cloud Própria;;
4.f;2023,2024,2025;Entre as linguagens listadas abaixo, qual é a sua preferida?;('P4_f ', 'Entre as linguagens listadas abaixo, qual é a sua preferida?');linguagem_preferida;4.f_linguagem_preferida;cloud_preferida;4.f_cloud_preferida;cloud_preferida;SEPARAR:2025
4.g;2023,2024,2025;Quais dos bancos de dados/fontes de dados listados abaixo você utiliza no trabalho?;('P4_g ', 'Quais dos bancos de dados/fontes de dados listados abaixo você utiliza no trabalho?');banco_de_dados_(dia_a_dia);4.g_banco_de_dados_(dia_a_dia);ferramenta_de_bi_(dia_a_dia);4.g_ferramenta_de_bi_(dia_a_dia);ferramenta_de_bi_(dia_a_dia);SEPARAR:2025
4.g.1;2023,2024,2025;MySQL;('P4_g_1 ', 'MySQL');MySQL;4.g.1_MySQL;Microsoft PowerBI;4.g.1_Microsoft PowerBI;Microsoft PowerBI;SEPARAR:2025
4.g.2;2023,2024,2025;Oracle;('P4_g_2 ', 'Oracle');Oracle;4.g.2_Oracle;Qlik View/Qlik Sense;4.g.2_Qlik View/Qlik Sense;Qlik View/Qlik Sense;SEPARAR:2025
4.g.3;2023,2024,2025;SQL SERVER;('P4_g_3 ', 'SQL SERVER');SQL SERVER;4.g.3_SQL SERVER;Tableau;4.g.3_Tableau;Tableau;SEPARAR:2025
4.g.4;2023,2024,2025;Amazon Aurora ou RDS;('P4_g_4 ', 'Amazon Aurora ou RDS');Amazon Aurora ou RDS;4.g.4_Amazon Aurora ou RDS;Metabase;4.g.4_Metabase;Metabase;SEPARAR:2025
4.g.5;2023,2024,2025;DynamoDB;('P4_g_5 ', 'DynamoDB');DynamoDB;4.g.5_DynamoDB;Superset;4.g.5_Superset;Superset;SEPARAR:2025
4.g.6;2023,2024,2025;CoachDB;('P4_g_6 ', 'CoachDB');CoachDB;4.g.6_CoachDB;Redash;4.g.6_Redash;Redash;SEPARAR:2025
4.g.7;2023,2024,2025;Cassandra;('P4_g_7 ', 'Cassandra');Cassandra;4.g.7_Cassandra;Looker;4.g.7_Looker;Looker;SEPARAR:2025
4.g.8;2023,2024,2025;MongoDB;('P4_g_8 ', 'MongoDB');MongoDB;4.g.8_MongoDB;Looker Studio(Google Data Studio);4.g.8_Looker Studio(Google Data Studio);Looker Studio(Google Data Studio);SEPARAR:2025
4.g.9;2023,2024,2025;MariaDB;('P4_g_9 ', 'MariaDB');MariaDB;4.g.9_MariaDB;Amazon Quicksight;4.g.9_Amazon Quicksight;Amazon Quicksight;SEPARAR:2025
4.g.10;2023,2024,2025;Datomic;('P4_g_10 ', 'Datomic');Datomic;4.g.10_Datomic;Alteryx;4.g.10_Alteryx;Alteryx;SEPARAR:2025
4.g.11;2023,2024,2025;S3;('P4_g_11 ', 'S3');S3;4.g.11_S3;SAP Business Objects/SAP Analytics;4.g.11_SAP Business Objects/SAP Analytics;SAP Business Objects/SAP Analytics;SEPARAR:2025
4.g.12;2023,2024,2025;PostgreSQL;('P4_g_12 ', 'PostgreSQL');PostgreSQL;4.g.12_PostgreSQL;Oracle Business Intelligence;4.g.12_Oracle Business Intelligence;Oracle Business Intelligence;SEPARAR:2025
4.g.13;2023,2024,2025;ElasticSearch;('P4_g_13 ', 'ElasticSearch');ElasticSearch;4.g.13_ElasticSearch;Salesforce/Einstein Analytics;4.g.13_Salesforce/Einstein Analytics;Salesforce/Einstein Analytics;SEPARAR:2025
4.g.14;2023,2024,2025;DB2;('P4_g_14 ', 'DB2');DB2;4.g.14_DB2;SAS Visual Analytics;4.g.14_SAS Visual Analytics;SAS Visual Analytics;SEPARAR:2025
4.g.15;2023,2024,2025;Microsoft Access;('P4_g_15 ', 'Microsoft Access');Microsoft Access;4.g.15_Microsoft Access;Grafana;4.g.15_Grafana;Grafana;SEPARAR:2025
4.g.16;2023,2024,2025;SQLite;('P4_g_16 ', 'SQLite');SQLite;4.g.16_SQLite;Pentaho;4.g.16_Pentaho;Pentaho;SEPARAR:2025
4.g.17;2023,2024,2025;Sybase;('P4_g_17 ', 'Sybase');Sybase;4.g.17_Sybase;Fazemos todas as análises utilizando apenas Excel ou planilhas do google;4.g.17_Fazemos todas as análises utilizando apenas Excel ou planilhas do google;Fazemos todas as análises utilizando apenas Excel ou planilhas do google;SEPARAR:2025
4.g.18;2023,2024,2025;Firebase;('P4_g_18 ', 'Firebase');Firebase;4.g.18_Firebase;Não utilizo nenhuma ferramenta de BI no trabalho;4.g.18_Não utilizo nenhuma ferramenta de BI no trabalho;Não utilizo nenhuma ferramenta de BI no trabalho;SEPARAR:2025
4.g.19;2023,2024;Vertica;('P4_g_19 ', 'Vertica');Vertica;4.g.19_Vertica;;;;
4.g.20;2023,2024;Redis;('P4_g_20 ', 'Redis');Redis;4.g.20_Redis;;;;
4.g.21;2023,2024;Neo4J;('P4_g_21 ', 'Neo4J');Neo4J;4.g.21_Neo4J;;;;
4.g.22;2023,2024;Google BigQuery;('P4_g_22 ', 'Google BigQuery');Google BigQuery;4.g.22_Google BigQuery;;;;
4.g.23;2023,2024;Google Firestore;('P4_g_23 ', 'Google Firestore');Google Firestore;4.g.23_Google Firestore;;;;
4.g.24;2023,2024;Amazon Redshift;('P4_g_24 ', 'Amazon Redshift');Amazon Redshift;4.g.24_Amazon Redshift;;;;
4.g.25;2023,2024;Amazon Athena;('P4_g_25 ', 'Amazon Athena');Amazon Athena;4.g.25_Amazon Athena;;;;
4.g.26;2023,2024;Snowflake;('P4_g_26 ', 'Snowflake');Snowflake;4.g.26_Snowflake;;;;
4.g.27;2023,2024;Databricks;('P4_g_27 ', 'Databricks');Databricks;4.g.27_Databricks;;;;
4.g.28;2023,2024;HBase;('P4_g_28 ', 'HBase');HBase;4.g.28_HBase;;;;
4.g.29;2023,2024;Presto;('P4_g_29 ', 'Presto');Presto;4.g.29_Presto;;;;
4.g.30;2023,2024;Splunk;('P4_g_30 ', 'Splunk');Splunk;4.g.30_Splunk;;;;
4.g.31;2023,2024;SAP HANA;('P4_g_31 ', 'SAP HANA');SAP HANA;4.g.31_SAP HANA;;;;
4.g.32;2023,2024;Hive;('P4_g_32 ', 'Hive');Hive;4.g.32_Hive;;;;
4.g.33;2023,2024;Firebird;('P4_g_33 ', 'Firebird');Firebird;4.g.33_Firebird;;;;
4.h;2023,2024,2025;Dentre as opções listadas, qual sua Cloud preferida?;('P4_h ', 'Dentre as opções listadas, qual sua Cloud preferida?');cloud_(dia_a_dia);4.h_cloud_(dia_a_dia);ferramenta_de_bi_preferida;4.h_ferramenta_de_bi_preferida;ferramenta_de_bi_preferida;SEPARAR:2025
4.h.1;2023,2024;Amazon Web Services (AWS);('P4_h_2 ', 'Amazon Web Services (AWS)');Amazon Web Services (AWS);4.h.1_Amazon Web Services (AWS);;;;
4.h.2;2023,2024;Google Cloud (GCP);('P4_h_3 ', 'Google Cloud (GCP)');Google Cloud (GCP);4.h.2_Google Cloud (GCP);;;;
4.h.3;2023,2024;Azure (Microsoft);('P4_h_1 ', 'Azure (Microsoft)');Azure (Microsoft);4.h.3_Azure (Microsoft);;;;
4.h.4;2023,2024;Oracle Cloud;('P4_h_4 ', 'Oracle Cloud');Oracle Cloud;4.h.4_Oracle Cloud;;;;
4.h.5;2023,2024;IBM;('P4_h_5 ', 'IBM');IBM;4.h.5_IBM;;;;
4.h.6;2023,2024;Servidores On Premise/Não utilizamos Cloud;('P4_h_6 ', 'Servidores On Premise/Não utilizamos Cloud');Servidores On Premise/Não utilizamos Cloud;4.h.6_Servidores On Premise/Não utilizamos Cloud;;;;
4.h.7;2023,2024;Cloud Própria;('P4_h_7 ', 'Cloud Própria');Cloud Própria;4.h.7_Cloud Própria;;;;
4.i;2023,2024,2025;Cloud preferida;('P4_i ', 'Cloud preferida');cloud_preferida;4.i_cloud_preferida;;;;
4.i.1;2025;;;;;;;;
4.i.2;2025;;;;;;;;
4.i.3;2025;;;;;;;;
4.i.4;2025;;;;;;;;
4.i.5;2025;;;;;;;;
4.i.6;2025;;;;;;;;
4.i.7;2025;;;;;;;;
4.i.8;2025;;;;;;;;
4.j;2023,2024,2025;Ferramenta de BI utilizada no dia a dia;('P4_j ', 'Ferramenta de BI utilizada no dia a dia');ferramenta_de_bi_(dia_a_dia);4.j_ferramenta_de_bi_(dia_a_dia);;;;
4.j.1;2023,2024,2025;Microsoft PowerBI;('P4_j_1 ', 'Microsoft PowerBI');Microsoft PowerBI;4.j.1_Microsoft PowerBI;;;;
4.j.2;2023,2024,2025;Qlik View/Qlik Sense;('P4_j_2 ', 'Qlik View/Qlik Sense');Qlik View/Qlik Sense;4.j.2_Qlik View/Qlik Sense;;;;
4.j.3;2023,2024,2025;Tableau;('P4_j_3 ', 'Tableau');Tableau;4.j.3_Tableau;;;;
4.j.4;2023,2024,2025;Metabase;('P4_j_4 ', 'Metabase');Metabase;4.j.4_Metabase;;;;
4.j.5;2023,2024,2025;Superset;('P4_j_5 ', 'Superset');Superset;4.j.5_Superset;;;;
4.j.6;2023,2024;Redash;('P4_j_6 ', 'Redash');Redash;4.j.6_Redash;;;;
4.j.7;2023,2024;Looker;('P4_j_7 ', 'Looker');Looker;4.j.7_Looker;;;;
4.j.8;2023,2024;Looker Studio(Google Data Studio);('P4_j_8 ', 'Looker Studio(Google Data Studio)');Looker Studio(Google Data Studio);4.j.8_Looker Studio(Google Data Studio);;;;
4.j.9;2023,2024;Amazon Quicksight;('P4_j_9 ', 'Amazon Quicksight');Amazon Quicksight;4.j.9_Amazon Quicksight;;;;
4.j.10;2023,2024;Alteryx;('P4_j_11 ', 'Alteryx');Alteryx;4.j.10_Alteryx;;;;
4.j.11;2023,2024;SAP Business Objects/SAP Analytics;('P4_j_14 ', 'SAP Business Objects/SAP Analytics');SAP Business Objects/SAP Analytics;4.j.11_SAP Business Objects/SAP Analytics;;;;
4.j.12;2023,2024;Oracle Business Intelligence;('P4_j_15 ', 'Oracle Business Intelligence');Oracle Business Intelligence;4.j.12_Oracle Business Intelligence;;;;
4.j.13;2023,2024;Salesforce/Einstein Analytics;('P4_j_16 ', 'Salesforce/Einstein Analytics');Salesforce/Einstein Analytics;4.j.13_Salesforce/Einstein Analytics;;;;
4.j.14;2023,2024;SAS Visual Analytics;('P4_j_18 ', 'SAS Visual Analytics');SAS Visual Analytics;4.j.14_SAS Visual Analytics;;;;
4.j.15;2023,2024;Grafana;('P4_j_19 ', 'Grafana');Grafana;4.j.15_Grafana;;;;
4.j.16;2023,2024;Pentaho;('P4_j_21 ', 'Pentaho');Pentaho;4.j.16_Pentaho;;;;
4.j.17;2023,2024;Birst;('P4_j_17 ', 'Birst');;;;;;
4.j.18;2023,2024;IBM Analytics/Cognos;('P4_j_13 ', 'IBM Analytics/Cognos');;;;;;
4.j.19;2023;MicroStrategy;('P4_j_12 ', 'MicroStrategy');;;;;;
4.j.20;2023;Mode;('P4_j_10 ', 'Mode');;;;;;
4.j.21;2023;TIBCO Spotfire;('P4_j_20 ', 'TIBCO Spotfire');;;;;;
4.j.22;2023;Fazemos todas as análises utilizando apenas Excel ou planilhas do google;('P4_j_22 ', 'Fazemos todas as análises utilizando apenas Excel ou planilhas do google');Fazemos todas as análises utilizando apenas Excel ou planilhas do google;4.j.17_Fazemos todas as análises utilizando apenas Excel ou planilhas do google;;;;
4.j.23;2023;Não utilizo nenhuma ferramenta de BI no trabalho;('P4_j_23 ', 'Não utilizo nenhuma ferramenta de BI no trabalho');Não utilizo nenhuma ferramenta de BI no trabalho;4.j.18_Não utilizo nenhuma ferramenta de BI no trabalho;;;;
4.k;2023,2024;Qual sua ferramenta de BI preferida?;('P4_k ', 'Qual sua ferramenta de BI preferida?');ferramenta_de_bi_preferida;4.k_ferramenta_de_bi_preferida;;;;
4.l;2023,2024;Qual o tipo de uso de AI Generativa e LLMs na empresa;('P4_l ', 'Qual o tipo de uso de AI Generativa e LLMs na empresa');tipo_de_uso_de_ai_generativa_e_llm_na_empresa;4.l_tipo_de_uso_de_ai_generativa_e_llm_na_empresa;tipo_de_uso_de_ai_generativa_e_llm_na_empresa;4.i_tipo_de_uso_de_ai_generativa_e_llm_na_empresa;;
4.l.1;2023,2024;Colaboradores usando AI generativa de forma independente e descentralizada;('P4_l_1 ', 'Colaboradores usando AI generativa de forma independente e descentralizada');Colaboradores usando AI generativa de forma independente e descentralizada;4.l.1 Colaboradores usando AI generativa de forma independente e descentralizada;Colaboradores usando AI generativa de forma independente e descentralizada;4.i.1 Colaboradores usando AI generativa de forma independente e descentralizada;;
4.l.2;2023,2024;Direcionamento centralizado do uso de AI generativa;('P4_l_2 ', 'Direcionamento centralizado do uso de AI generativa');Direcionamento centralizado do uso de AI generativa;4.l.2 Direcionamento centralizado do uso de AI generativa;Direcionamento centralizado do uso de AI generativa;4.i.2 Direcionamento centralizado do uso de AI generativa;;
4.l.3;2023,2024;Desenvolvedores utilizando Copilots;('P4_l_3 ', 'Desenvolvedores utilizando Copilots');Desenvolvedores utilizando Copilots;4.l.3 Desenvolvedores utilizando Copilots;Desenvolvedores utilizando Copilots;4.i.3 Desenvolvedores utilizando Copilots;;
4.l.4;2023,2024;AI Generativa e LLMs para melhorar produtos externos para os clientes finais;('P4_l_4 ', 'AI Generativa e LLMs para melhorar produtos externos para os clientes finais');AI Generativa e LLMs para melhorar produtos externos para os clientes finais;4.l.4 AI Generativa e LLMs para melhorar produtos externos para os clientes finais;AI Generativa e LLMs para melhorar produtos externos para os clientes finais;4.i.4 AI Generativa e LLMs para melhorar produtos externos para os clientes finais;;
4.l.5;2023,2024;AI Generativa e LLMs para melhorar produtos internos para os colaboradores;('P4_l_5 ', 'AI Generativa e LLMs para melhorar produtos internos para os colaboradores');AI Generativa e LLMs para melhorar produtos internos para os colaboradores;4.l.5 AI Generativa e LLMs para melhorar produtos internos para os colaboradores;AI Generativa e LLMs para melhorar produtos internos para os colaboradores;4.i.5 AI Generativa e LLMs para melhorar produtos internos para os colaboradores;;
4.l.6;2023,2024;IA Generativa e LLMs como principal frente do negócio;('P4_l_6 ', 'IA Generativa e LLMs como principal frente do negócio');IA Generativa e LLMs como principal frente do negócio;4.l.6 IA Generativa e LLMs como principal frente do negócio;IA Generativa e LLMs como principal frente do negócio;4.i.6 IA Generativa e LLMs como principal frente do negócio;;
4.l.7;2023,2024;IA Generativa e LLMs não é prioridade;('P4_l_7 ', 'IA Generativa e LLMs não é prioridade');IA Generativa e LLMs não é prioridade;4.l.7 IA Generativa e LLMs não é prioridade;IA Generativa e LLMs não é prioridade;4.i.7 IA Generativa e LLMs não é prioridade;;
4.l.8;2023,2024;Não sei opinar sobre o uso de IA Generativa e LLMs na empresa;('P4_l_8 ', 'Não sei opinar sobre o uso de IA Generativa e LLMs na empresa');Não sei opinar sobre o uso de IA Generativa e LLMs na empresa;4.l.8 Não sei opinar sobre o uso de IA Generativa e LLMs na empresa;Não sei opinar sobre o uso de IA Generativa e LLMs na empresa;4.i.8 Não sei opinar sobre o uso de IA Generativa e LLMs na empresa;;
4.m;2023,2024;Utiliza ChatGPT ou LLMs no trabalho?;('P4_m ', 'Utiliza ChatGPT ou LLMs no trabalho?');usa_chatgpt_ou_copilot_no_trabalho?;4.m_usa_chatgpt_ou_copilot_no_trabalho?;usa_chatgpt_ou_copilot_no_trabalho?;4.j_usa_chatgpt_ou_copilot_no_trabalho?;;
4.m.1;2023,2024;Não uso soluções de AI Generativa com foco em produtividade;('P4_m_1 ', 'Não uso soluções de AI Generativa com foco em produtividade');Não uso soluções de AI Generativa com foco em produtividade;4.m.1 Não uso soluções de AI Generativa com foco em produtividade;Não uso soluções de AI Generativa com foco em produtividade;4.j.1 Não uso soluções de AI Generativa com foco em produtividade;;
4.m.2;2023,2024;Uso soluções gratuitas de AI Generativa com foco em produtividade;('P4_m_2 ', 'Uso soluções gratuitas de AI Generativa com foco em produtividade');Uso soluções gratuitas de AI Generativa com foco em produtividade;4.m.2 Uso soluções gratuitas de AI Generativa com foco em produtividade;Uso soluções gratuitas de AI Generativa com foco em produtividade;4.j.2 Uso soluções gratuitas de AI Generativa com foco em produtividade;;
4.m.3;2023,2024;Uso e pago pelas soluções de AI Generativa com foco em produtividade;('P4_m_3 ', 'Uso e pago pelas soluções de AI Generativa com foco em produtividade');Uso e pago pelas soluções de AI Generativa com foco em produtividade;4.m.3 Uso e pago pelas soluções de AI Generativa com foco em produtividade;Uso e pago pelas soluções de AI Generativa com foco em produtividade;4.j.3 Uso e pago pelas soluções de AI Generativa com foco em produtividade;;
4.m.4;2023,2024;A empresa que trabalho paga pelas soluções de AI Generativa com foco em produtividade;('P4_m_4 ', 'A empresa que trabalho paga pelas soluções de AI Generativa com foco em produtividade');A empresa que trabalho paga pelas soluções de AI Generativa com foco em produtividade;4.m.4 A empresa que trabalho paga pelas soluções de AI Generativa com foco em produtividade;A empresa que trabalho paga pelas soluções de AI Generativa com foco em produtividade;4.j.4 A empresa que trabalho paga pelas soluções de AI Generativa com foco em produtividade;;
4.m.5;2023,2024;Uso soluções do tipo Copilot;('P4_m_5 ', 'Uso soluções do tipo Copilot');Uso soluções do tipo Copilot;4.m.5 Uso soluções do tipo Copilot;Uso soluções do tipo Copilot;4.j.5 Uso soluções do tipo Copilot;;
5.a;2023,2024,2025;Qual seu objetivo na área de dados?;('P5_a ', 'Qual seu objetivo na área de dados?');objetivo_na_area_de_dados;5.a_objetivo_na_area_de_dados;objetivo_na_area_de_dados;5.a_objetivo_na_area_de_dados;;
5.b;2023,2024,2025;Qual oportunidade você está buscando?;('P5_b ', 'Qual oportunidade você está buscando?');oportunidade_buscada;5.b_oportunidade_buscada;oportunidade_buscada;5.b_oportunidade_buscada;;
5.c;2023,2024,2025;Há quanto tempo você busca uma oportunidade na área de dados?;('P5_c ', 'Há quanto tempo você busca uma oportunidade na área de dados?');tempo_em_busca_de_oportunidade;5.c_tempo_em_busca_de_oportunidade;tempo_em_busca_de_oportunidade;5.c_tempo_em_busca_de_oportunidade;;
5.d;2023,2024,2025;Como tem sido a busca por um emprego na área de dados?;('P5_d ', 'Como tem sido a busca por um emprego na área de dados?');experiencia_em_processos_seletivos;5.d_experiencia_em_processos_seletivos;experiencia_em_processos_seletivos;5.d_experiencia_em_processos_seletivos;;
6.a;2023,2024,2025;Quais das opções abaixo fazem parte da sua rotina no trabalho atual como engenheiro de dados?;('P6_a ', 'Quais das opções abaixo fazem parte da sua rotina no trabalho atual como engenheiro de dados?');rotina_como_de;6.a_rotina_como_de;rotina_como_de;6.a_rotina_como_de;;
6.a.1;2023,2024,2025;Desenvolvo pipelines de dados utilizando linguagens de programação como Python, Scala, Java etc.;('P6_a_1 ', 'Desenvolvo pipelines de dados utilizando linguagens de programação como Python, Scala, Java etc.');Desenvolvo pipelines de dados utilizando linguagens de programação como Python, Scala, Java etc.;6.a.1_Desenvolvo pipelines de dados utilizando linguagens de programação como Python, Scala, Java etc.;Desenvolvo pipelines de dados utilizando linguagens de programação como Python, Scala, Java etc.;6.a.1_Desenvolvo pipelines de dados utilizando linguagens de programação como Python, Scala, Java etc.;;
6.a.2;2023,2024,2025;Realizo construções de ETL's em ferramentas como Pentaho, Talend, Dataflow etc.;('P6_a_2 ', 'Realizo construções de ETL's em ferramentas como Pentaho, Talend, Dataflow etc.');Realizo construções de ETL's em ferramentas como Pentaho, Talend, Dataflow etc.;6.a.2_Realizo construções de ETL's em ferramentas como Pentaho, Talend, Dataflow etc.;Realizo construções de ETL's em ferramentas como Pentaho, Talend, Dataflow etc.;6.a.2_Realizo construções de ETL's em ferramentas como Pentaho, Talend, Dataflow etc.;;
6.a.3;2023,2024,2025;Crio consultas através da linguagem SQL para exportar informações e compartilhar com as áreas de negócio.;('P6_a_3 ', 'Crio consultas através da linguagem SQL para exportar informações e compartilhar com as áreas de negócio.');Crio consultas através da linguagem SQL para exportar informações e compartilhar com as áreas de negócio.;6.a.3_Crio consultas através da linguagem SQL para exportar informações e compartilhar com as áreas de negócio.;Crio consultas através da linguagem SQL para exportar informações e compartilhar com as áreas de negócio.;6.a.3_Crio consultas através da linguagem SQL para exportar informações e compartilhar com as áreas de negócio.;;
6.a.4;2023,2024,2025;Atuo na integração de diferentes fontes de dados através de plataformas proprietárias como Stitch Data, Fivetran etc.;('P6_a_4 ', 'Atuo na integração de diferentes fontes de dados através de plataformas proprietárias como Stitch Data, Fivetran etc.');Atuo na integração de diferentes fontes de dados através de plataformas proprietárias como Stitch Data, Fivetran etc.;6.a.4_Atuo na integração de diferentes fontes de dados através de plataformas proprietárias como Stitch Data, Fivetran etc.;Atuo na integração de diferentes fontes de dados através de plataformas proprietárias como Stitch Data, Fivetran etc.;6.a.4_Atuo na integração de diferentes fontes de dados através de plataformas proprietárias como Stitch Data, Fivetran etc.;;
6.a.5;2023,2024,2025;Modelo soluções de arquitetura de dados, criando componentes de ingestão de dados, transformação e recuperação da informação.;('P6_a_5 ', 'Modelo soluções de arquitetura de dados, criando componentes de ingestão de dados, transformação e recuperação da informação.');Modelo soluções de arquitetura de dados, criando componentes de ingestão de dados, transformação e recuperação da informação.;6.a.5_Modelo soluções de arquitetura de dados, criando componentes de ingestão de dados, transformação e recuperação da informação.;Modelo soluções de arquitetura de dados, criando componentes de ingestão de dados, transformação e recuperação da informação.;6.a.5_Modelo soluções de arquitetura de dados, criando componentes de ingestão de dados, transformação e recuperação da informação.;;
6.a.6;2023,2024,2025;Desenvolvo/cuido da manutenção de repositórios de dados baseados em streaming de eventos como Data Lakes e Data Lakehouses.;('P6_a_6 ', 'Desenvolvo/cuido da manutenção de repositórios de dados baseados em streaming de eventos como Data Lakes e Data Lakehouses.');Desenvolvo/cuido da manutenção de repositórios de dados baseados em streaming de eventos como Data Lakes e Data Lakehouses.;6.a.6_Desenvolvo/cuido da manutenção de repositórios de dados baseados em streaming de eventos como Data Lakes e Data Lakehouses.;Desenvolvo/cuido da manutenção de repositórios de dados baseados em streaming de eventos como Data Lakes e Data Lakehouses.;6.a.6_Desenvolvo/cuido da manutenção de repositórios de dados baseados em streaming de eventos como Data Lakes e Data Lakehouses.;;
6.a.7;2023,2024,2025;Atuo na modelagem dos dados, com o objetivo de criar conjuntos de dados como Data Warehouses, Data Marts etc.;('P6_a_7 ', 'Atuo na modelagem dos dados, com o objetivo de criar conjuntos de dados como Data Warehouses, Data Marts etc.');Atuo na modelagem dos dados, com o objetivo de criar conjuntos de dados como Data Warehouses, Data Marts, Datasets etc.;6.a.7_Atuo na modelagem dos dados, com o objetivo de criar conjuntos de dados como Data Warehouses, Data Marts, Datasets etc.;Atuo na modelagem dos dados, com o objetivo de criar conjuntos de dados como Data Warehouses, Data Marts, Datasets etc.;6.a.7_Atuo na modelagem dos dados, com o objetivo de criar conjuntos de dados como Data Warehouses, Data Marts, Datasets etc.;;
6.a.8;2023,2024,2025;Cuido da qualidade dos dados, metadados e dicionário de dados.;('P6_a_8 ', 'Cuido da qualidade dos dados, metadados e dicionário de dados.');Cuido da qualidade dos dados, metadados e dicionário de dados.;6.a.8_Cuido da qualidade dos dados, metadados e dicionário de dados.;Cuido da qualidade dos dados, metadados e dicionário de dados.;6.a.8_Cuido da qualidade dos dados, metadados e dicionário de dados.;;
6.a.9;2023,2024,2025;Nenhuma das opções listadas refletem meu dia a dia.;('P6_a_9 ', 'Nenhuma das opções listadas refletem meu dia a dia.');Nenhuma das opções listadas refletem meu dia a dia.;6.a.9_Nenhuma das opções listadas refletem meu dia a dia.;Nenhuma das opções listadas refletem meu dia a dia.;6.a.9_Nenhuma das opções listadas refletem meu dia a dia.;;
6.b;2023,2024,2025;Quais as ferramentas/tecnologias de ETL que você utiliza no trabalho como Data Engineer?;('P6_b ', 'Quais as ferramentas/tecnologias de ETL que você utiliza no trabalho como Data Engineer?');ferramentas_etl_de;6.b_ferramentas_etl_de;ferramentas_etl_de;6.b_ferramentas_etl_de;;
6.b.1;2023,2024,2025;Scripts Python;('P6_b_1 ', 'Scripts Python');Scripts Python;6.b.1_Scripts Python;Scripts Python;6.b.1_Scripts Python;;
6.b.2;2023,2024,2025;SQL & Stored Procedures;('P6_b_2 ', 'SQL & Stored Procedures');SQL & Stored Procedures;6.b.2_SQL & Stored Procedures;SQL & Stored Procedures;6.b.2_SQL & Stored Procedures;;
6.b.3;2023,2024,2025;Apache Airflow;('P6_b_3 ', 'Apache Airflow');Apache Airflow;6.b.3_Apache Airflow;Apache Airflow;6.b.3_Apache Airflow;;
6.b.4;2023,2024,2025;Apache NiFi;('P6_b_4 ', 'Apache NiFi');Apache NiFi;6.b.4_Apache NiFi;Apache NiFi;6.b.4_Apache NiFi;;
6.b.5;2023,2024,2025;Luigi;('P6_b_5 ', 'Luigi');Luigi;6.b.5_Luigi;Luigi;6.b.5_Luigi;;
6.b.6;2023,2024,2025;AWS Glue;('P6_b_6 ', 'AWS Glue');AWS Glue;6.b.6_AWS Glue;AWS Glue;6.b.6_AWS Glue;;
6.b.7;2023,2024,2025;Talend;('P6_b_7 ', 'Talend');Talend;6.b.7_Talend;Talend;6.b.7_Talend;;
6.b.8;2023,2024,2025;Pentaho;('P6_b_8 ', 'Pentaho');Pentaho;6.b.8_Pentaho;Pentaho;6.b.8_Pentaho;;
6.b.9;2023,2024,2025;Alteryx;('P6_b_9 ', 'Alteryx');Alteryx;6.b.9_Alteryx;Alteryx;6.b.9_Alteryx;;
6.b.10;2023,2024,2025;Stitch;('P6_b_10 ', 'Stitch');Stitch;6.b.10_Stitch;Stitch;6.b.10_Stitch;;
6.b.11;2023,2024,2025;Fivetran;('P6_b_11 ', 'Fivetran');Fivetran;6.b.11_Fivetran;Fivetran;6.b.11_Fivetran;;
6.b.12;2023,2024,2025;Google Dataflow;('P6_b_12 ', 'Google Dataflow');Google Dataflow;6.b.12_Google Dataflow;Google Dataflow;6.b.12_Google Dataflow;;
6.b.13;2023,2024,2025;Oracle Data Integrator;('P6_b_13 ', 'Oracle Data Integrator');Oracle Data Integrator;6.b.13_Oracle Data Integrator;Oracle Data Integrator;6.b.13_Oracle Data Integrator;;
6.b.14;2023,2024,2025;IBM DataStage;('P6_b_14 ', 'IBM DataStage');IBM DataStage;6.b.14_IBM DataStage;IBM DataStage;6.b.14_IBM DataStage;;
6.b.15;2023,2024,2025;SAP BW ETL;('P6_b_15 ', 'SAP BW ETL');SAP BW ETL;6.b.15_SAP BW ETL;SAP BW ETL;6.b.15_SAP BW ETL;;
6.b.16;2023,2024,2025;SQL Server Integration Services (SSIS);('P6_b_16 ', 'SQL Server Integration Services (SSIS));SQL Server Integration Services (SSIS);6.b.16_SQL Server Integration Services (SSIS);SQL Server Integration Services (SSIS);6.b.16_SQL Server Integration Services (SSIS);;
6.b.17;2023,2024,2025;SAS Data Integration;('P6_b_17 ', 'SAS Data Integration');SAS Data Integration;6.b.17_SAS Data Integration;SAS Data Integration;6.b.17_SAS Data Integration;;
6.b.18;2023,2024,2025;Qlik Sense;('P6_b_18 ', 'Qlik Sense');Qlik Sense;6.b.18_Qlik Sense;Qlik Sense;6.b.18_Qlik Sense;;
6.b.19;2023,2024,2025;Knime;('P6_b_19 ', 'Knime');Knime;6.b.19_Knime;Knime;6.b.19_Knime;;
6.b.20;2023,2024,2025;Databricks;('P6_b_20 ', 'Databricks');Databricks;6.b.20_Databricks;Databricks;6.b.20_Databricks;;
6.b.21;2023,2024,2025;Não utilizo ferramentas de ETL;('P6_b_21 ', 'Não utilizo ferramentas de ETL');Não utilizo ferramentas de ETL;6.b.21_Não utilizo ferramentas de ETL;Não utilizo ferramentas de ETL;6.b.21_Não utilizo ferramentas de ETL;;
6.c;2023,2024,2025;Sua organização possui um Data Lake?;('P6_c ', 'Sua organização possui um Data Lake?');possui_data_lake;6.c_possui_data_lake;possui_data_lake;6.c_possui_data_lake;;
6.d;2023,2024,2025;Qual tecnologia utilizada como plataforma do Data Lake?;('P6_d ', 'Qual tecnologia utilizada como plataforma do Data Lake?');tecnologia_data_lake;6.d_tecnologia_data_lake;tecnologia_data_lake;6.d_tecnologia_data_lake;;
6.e;2023,2024,2025;Sua organização possui um Data Warehouse?;('P6_e ', 'Sua organização possui um Data Warehouse?');possui_data_warehouse;6.e_possui_data_warehouse;possui_data_warehouse;6.e_possui_data_warehouse;;
6.f;2023,2024,2025;Qual tecnologia utilizada como plataforma do Data Warehouse?;('P6_f ', 'Qual tecnologia utilizada como plataforma do Data Warehouse?');tecnologia_data_warehouse;6.f_tecnologia_data_warehouse;tecnologia_data_warehouse;6.f_tecnologia_data_warehouse;;
6.g;2023,2024,2025;Quais as ferramentas de gestão de Qualidade de dados, Metadados e catálogo de dados você utiliza no trabalho?;('P6_g ', 'Quais as ferramentas de gestão de Qualidade de dados, Metadados e catálogo de dados você utiliza no trabalho?');ferramentas_de_qualidade_de_dados_(dia_a_dia);6.g_ferramentas_de_qualidade_de_dados_(dia_a_dia);ferramentas_de_qualidade_de_dados_(dia_a_dia);6.g_ferramentas_de_qualidade_de_dados_(dia_a_dia);;
6.h;2023,2024,2025;Em qual das opções abaixo você gasta a maior parte do seu tempo?;('P6_h ', 'Em qual das opções abaixo você gasta a maior parte do seu tempo?');maior_tempo_gasto_como_de;6.h_maior_tempo_gasto_como_de;maior_tempo_gasto_como_de;6.h_maior_tempo_gasto_como_de;;
6.h.1;2023,2024,2025;Desenvolvendo pipelines de dados utilizando linguagens de programação como Python, Scala, Java etc.;('P6_h_1 ', 'Desenvolvendo pipelines de dados utilizando linguagens de programação como Python, Scala, Java etc.');Desenvolvendo pipelines de dados utilizando linguagens de programação como Python, Scala, Java etc.;6.h.1_Desenvolvendo pipelines de dados utilizando linguagens de programação como Python, Scala, Java etc.;Desenvolvendo pipelines de dados utilizando linguagens de programação como Python, Scala, Java etc.;6.h.1_Desenvolvendo pipelines de dados utilizando linguagens de programação como Python, Scala, Java etc.;;
6.h.2;2023,2024,2025;Realizando construções de ETL's em ferramentas como Pentaho, Talend, Dataflow etc.;('P6_h_2 ', 'Realizando construções de ETL's em ferramentas como Pentaho, Talend, Dataflow etc.');Realizando construções de ETL\s em ferramentas como Pentaho, Talend, Dataflow etc.;6.h.2_Realizando construções de ETL\s em ferramentas como Pentaho, Talend, Dataflow etc.;Realizando construções de ETL\s em ferramentas como Pentaho, Talend, Dataflow etc.;6.h.2_Realizando construções de ETL\s em ferramentas como Pentaho, Talend, Dataflow etc.;;
6.h.3;2023,2024,2025;Criando consultas através da linguagem SQL para exportar informações e compartilhar com as áreas de negócio.;('P6_h_3 ', 'Criando consultas através da linguagem SQL para exportar informações e compartilhar com as áreas de negócio.');Criando consultas através da linguagem SQL para exportar informações e compartilhar com as áreas de negócio.;6.h.3_Criando consultas através da linguagem SQL para exportar informações e compartilhar com as áreas de negócio.;Criando consultas através da linguagem SQL para exportar informações e compartilhar com as áreas de negócio.;6.h.3_Criando consultas através da linguagem SQL para exportar informações e compartilhar com as áreas de negócio.;;
6.h.4;2023,2024,2025;Atuando na integração de diferentes fontes de dados através de plataformas proprietárias como Stitch Data, Fivetran etc.;('P6_h_4 ', 'Atuando na integração de diferentes fontes de dados através de plataformas proprietárias como Stitch Data, Fivetran etc.');Atuando na integração de diferentes fontes de dados através de plataformas proprietárias como Stitch Data, Fivetran etc.;6.h.4_Atuando na integração de diferentes fontes de dados através de plataformas proprietárias como Stitch Data, Fivetran etc.;Atuando na integração de diferentes fontes de dados através de plataformas proprietárias como Stitch Data, Fivetran etc.;6.h.4_Atuando na integração de diferentes fontes de dados através de plataformas proprietárias como Stitch Data, Fivetran etc.;;
6.h.5;2023,2024,2025;Modelando soluções de arquitetura de dados, criando componentes de ingestão de dados, transformação e recuperação da informação.;('P6_h_5 ', 'Modelando soluções de arquitetura de dados, criando componentes de ingestão de dados, transformação e recuperação da informação.');Modelando soluções de arquitetura de dados, criando componentes de ingestão de dados, transformação e recuperação da informação.;6.h.5_Modelando soluções de arquitetura de dados, criando componentes de ingestão de dados, transformação e recuperação da informação.;Modelando soluções de arquitetura de dados, criando componentes de ingestão de dados, transformação e recuperação da informação.;6.h.5_Modelando soluções de arquitetura de dados, criando componentes de ingestão de dados, transformação e recuperação da informação.;;
6.h.6;2023,2024,2025;Desenvolvendo/cuidando da manutenção de repositórios de dados baseados em streaming de eventos como Data Lakes e Data Lakehouses.;('P6_h_6 ', 'Desenvolvendo/cuidando da manutenção de repositórios de dados baseados em streaming de eventos como Data Lakes e Data Lakehouses.');Desenvolvendo/cuidando da manutenção de repositórios de dados baseados em streaming de eventos como Data Lakes e Data Lakehouses.;6.h.6_Desenvolvendo/cuidando da manutenção de repositórios de dados baseados em streaming de eventos como Data Lakes e Data Lakehouses.;Desenvolvendo/cuidando da manutenção de repositórios de dados baseados em streaming de eventos como Data Lakes e Data Lakehouses.;6.h.6_Desenvolvendo/cuidando da manutenção de repositórios de dados baseados em streaming de eventos como Data Lakes e Data Lakehouses.;;
6.h.7;2023,2024,2025;Atuando na modelagem dos dados, com o objetivo de criar conjuntos de dados como Data Warehouses, Data Marts etc.;('P6_h_7 ', 'Atuando na modelagem dos dados, com o objetivo de criar conjuntos de dados como Data Warehouses, Data Marts etc.');Atuando na modelagem dos dados, com o objetivo de criar conjuntos de dados como Data Warehouses, Data Marts, Datasets etc.;6.h.7_Atuando na modelagem dos dados, com o objetivo de criar conjuntos de dados como Data Warehouses, Data Marts, Datasets etc.;Atuando na modelagem dos dados, com o objetivo de criar conjuntos de dados como Data Warehouses, Data Marts, Datasets etc.;6.h.7_Atuando na modelagem dos dados, com o objetivo de criar conjuntos de dados como Data Warehouses, Data Marts, Datasets etc.;;
6.h.8;2023,2024,2025;Cuidando da qualidade dos dados, metadados e dicionário de dados.;('P6_h_8 ', 'Cuidando da qualidade dos dados, metadados e dicionário de dados.');Cuidando da qualidade dos dados, metadados e dicionário de dados.;6.h.8_Cuidando da qualidade dos dados, metadados e dicionário de dados.;Cuidando da qualidade dos dados, metadados e dicionário de dados.;6.h.8_Cuidando da qualidade dos dados, metadados e dicionário de dados.;;
6.h.9;2023,2024,2025;Nenhuma das opções listadas refletem meu dia a dia.;('P6_h_9 ', 'Nenhuma das opções listadas refletem meu dia a dia.');Nenhuma das opções listadas refletem meu dia a dia.;6.h.9_Nenhuma das opções listadas refletem meu dia a dia.;Nenhuma das opções listadas refletem meu dia a dia.;6.h.9_Nenhuma das opções listadas refletem meu dia a dia.;;
7.1;2023;;;;;;;;
7.a;2024,2025;Quais das opções abaixo fazem parte da sua rotina no trabalho atual com análise de dados?;('P7_1 ', 'Quais das opções abaixo fazem parte da sua rotina no trabalho atual com análise de dados?');rotina_como_da;7.a_rotina_como_da;rotina_como_da;7.a_rotina_como_da;;
7.a.1;2023,2024,2025;Processo e analiso dados utilizando linguagens de programação como Python, R etc.;('P7_a_1 ', 'Processo e analiso dados utilizando linguagens de programação como Python, R etc.');Processo e analiso dados utilizando linguagens de programação como Python, R etc.;7.a.1_Processo e analiso dados utilizando linguagens de programação como Python, R etc.;Processo e analiso dados utilizando linguagens de programação como Python, R etc.;7.a.1_Processo e analiso dados utilizando linguagens de programação como Python, R etc.;;
7.a.2;2023,2024,2025;Realizo construções de dashboards em ferramentas de BI como PowerBI, Tableau, Looker, Qlik etc.;('P7_a_2 ', 'Realizo construções de dashboards em ferramentas de BI como PowerBI, Tableau, Looker, Qlik etc.');Realizo construções de dashboards em ferramentas de BI como PowerBI, Tableau, Looker, Qlik etc.;7.a.2_Realizo construções de dashboards em ferramentas de BI como PowerBI, Tableau, Looker, Qlik etc.;Realizo construções de dashboards em ferramentas de BI como PowerBI, Tableau, Looker, Qlik etc.;7.a.2_Realizo construções de dashboards em ferramentas de BI como PowerBI, Tableau, Looker, Qlik etc.;;
7.a.3;2023,2024,2025;Crio consultas através da linguagem SQL para exportar informações e compartilhar com as áreas de negócio.;('P7_a_3 ', 'Crio consultas através da linguagem SQL para exportar informações e compartilhar com as áreas de negócio.');Crio consultas através da linguagem SQL para exportar informações e compartilhar com as áreas de negócio.;7.a.3_Crio consultas através da linguagem SQL para exportar informações e compartilhar com as áreas de negócio.;Crio consultas através da linguagem SQL para exportar informações e compartilhar com as áreas de negócio.;7.a.3_Crio consultas através da linguagem SQL para exportar informações e compartilhar com as áreas de negócio.;;
7.a.4;2023,2024,2025;Utilizo API's para extrair dados e complementar minhas análises.;('P7_a_4 ', 'Utilizo API's para extrair dados e complementar minhas análises.');Utilizo API\s para extrair dados e complementar minhas análises.;7.a.4_Utilizo API\s para extrair dados e complementar minhas análises.;Utilizo API\s para extrair dados e complementar minhas análises.;7.a.4_Utilizo API\s para extrair dados e complementar minhas análises.;;
7.a.5;2023,2024,2025;Realizo experimentos e estudos utilizando metodologias estatísticas como teste de hipótese, modelos de regressão etc.;('P7_a_5 ', 'Realizo experimentos e estudos utilizando metodologias estatísticas como teste de hipótese, modelos de regressão etc.');Realizo experimentos e estudos utilizando metodologias estatísticas como teste de hipótese, modelos de regressão etc.;7.a.5_Realizo experimentos e estudos utilizando metodologias estatísticas como teste de hipótese, modelos de regressão etc.;Realizo experimentos e estudos utilizando metodologias estatísticas como teste de hipótese, modelos de regressão etc.;7.a.5_Realizo experimentos e estudos utilizando metodologias estatísticas como teste de hipótese, modelos de regressão etc.;;
7.a.6;2023,2024,2025;Desenvolvo/cuido da manutenção de ETL's utilizando tecnologias como Talend, Pentaho, Airflow, Dataflow etc.;('P7_a_6 ', 'Desenvolvo/cuido da manutenção de ETL's utilizando tecnologias como Talend, Pentaho, Airflow, Dataflow etc.');Desenvolvo/cuido da manutenção de ETL\s utilizando tecnologias como Talend, Pentaho, Airflow, Dataflow etc.;7.a.6_Desenvolvo/cuido da manutenção de ETL\s utilizando tecnologias como Talend, Pentaho, Airflow, Dataflow etc.;Desenvolvo/cuido da manutenção de ETL\s utilizando tecnologias como Talend, Pentaho, Airflow, Dataflow etc.;7.a.6_Desenvolvo/cuido da manutenção de ETL\s utilizando tecnologias como Talend, Pentaho, Airflow, Dataflow etc.;;
7.a.7;2023,2024,2025;Atuo na modelagem dos dados, com o objetivo de criar conjuntos de dados, Data Warehouses, Data Marts etc.;('P7_a_7 ', 'Atuo na modelagem dos dados, com o objetivo de criar conjuntos de dados, Data Warehouses, Data Marts etc.');Atuo na modelagem dos dados, com o objetivo de criar conjuntos de dados como Data Warehouses, Data Marts etc.;7.a.7_Atuo na modelagem dos dados, com o objetivo de criar conjuntos de dados como Data Warehouses, Data Marts etc.;Atuo na modelagem dos dados, com o objetivo de criar conjuntos de dados como Data Warehouses, Data Marts etc.;7.a.7_Atuo na modelagem dos dados, com o objetivo de criar conjuntos de dados como Data Warehouses, Data Marts etc.;;
7.a.8;2023,2024,2025;Desenvolvo/cuido da manutenção de planilhas para atender as áreas de negócio.;('P7_a_8 ', 'Desenvolvo/cuido da manutenção de planilhas para atender as áreas de negócio.');Desenvolvo/cuido da manutenção de planilhas para atender as áreas de negócio.;7.a.8_Desenvolvo/cuido da manutenção de planilhas para atender as áreas de negócio.;Desenvolvo/cuido da manutenção de planilhas para atender as áreas de negócio.;7.a.8_Desenvolvo/cuido da manutenção de planilhas para atender as áreas de negócio.;;
7.a.9;2023,2024,2025;Utilizo ferramentas avançadas de estatística como SASS, PSS, Stata etc;('P7_a_9 ', 'Utilizo ferramentas avançadas de estatística como SASS, PSS, Stata etc');Utilizo ferramentas avançadas de estatística como SAS, SPSS, Stata etc, para realizar análises de dados.;7.a.9_Utilizo ferramentas avançadas de estatística como SAS, SPSS, Stata etc, para realizar análises de dados.;Utilizo ferramentas avançadas de estatística como SAS, SPSS, Stata etc, para realizar análises de dados.;7.a.9_Utilizo ferramentas avançadas de estatística como SAS, SPSS, Stata etc, para realizar análises de dados.;;
7.a.10;2023,2024,2025;Nenhuma das opções listadas refletem meu dia a dia.;('P7_a_10 ', 'Nenhuma das opções listadas refletem meu dia a dia.');Nenhuma das opções listadas refletem meu dia a dia.;7.a.10_Nenhuma das opções listadas refletem meu dia a dia.;Nenhuma das opções listadas refletem meu dia a dia.;7.a.10_Nenhuma das opções listadas refletem meu dia a dia.;;
7.b;2023,2024,2025;Quais as ferramentas/tecnologias de ETL que você utiliza no trabalho como Data Analyst?;('P7_b ', 'Quais as ferramentas/tecnologias de ETL que você utiliza no trabalho como Data Analyst?');ferramentas_etl_da;7.b_ferramentas_etl_da;ferramentas_etl_da;7.b_ferramentas_etl_da;;
7.b.1;2023,2024,2025;Scripts Python;('P7_b_1 ', 'Scripts Python');Scripts Python;7.b.1_Scripts Python;Scripts Python;7.b.1_Scripts Python;;
7.b.2;2023,2024,2025;SQL & Stored Procedures;('P7_b_2 ', 'SQL & Stored Procedures');SQL & Stored Procedures;7.b.2_SQL & Stored Procedures;SQL & Stored Procedures;7.b.2_SQL & Stored Procedures;;
7.b.3;2023,2024,2025;Apache Airflow;('P7_b_3 ', 'Apache Airflow');Apache Airflow;7.b.3_Apache Airflow;Apache Airflow;7.b.3_Apache Airflow;;
7.b.4;2023,2024,2025;Apache NiFi;('P7_b_4 ', 'Apache NiFi');Apache NiFi;7.b.4_Apache NiFi;Apache NiFi;7.b.4_Apache NiFi;;
7.b.5;2023,2024,2025;Luigi;('P7_b_5 ', 'Luigi');Luigi;7.b.5_Luigi;Luigi;7.b.5_Luigi;;
7.b.6;2023,2024,2025;AWS Glue;('P7_b_6 ', 'AWS Glue');AWS Glue;7.b.6_AWS Glue;AWS Glue;7.b.6_AWS Glue;;
7.b.7;2023,2024,2025;Talend;('P7_b_7 ', 'Talend');Talend;7.b.7_Talend;Talend;7.b.7_Talend;;
7.b.8;2023,2024,2025;Pentaho;('P7_b_8 ', 'Pentaho');Pentaho;7.b.8_Pentaho;Pentaho;7.b.8_Pentaho;;
7.b.9;2023,2024,2025;Alteryx;('P7_b_9 ', 'Alteryx');Alteryx;7.b.9_Alteryx;Alteryx;7.b.9_Alteryx;;
7.b.10;2023,2024,2025;Stitch;('P7_b_10 ', 'Stitch');Stitch;7.b.10_Stitch;Stitch;7.b.10_Stitch;;
7.b.11;2023,2024,2025;Fivetran;('P7_b_11 ', 'Fivetran');Fivetran;7.b.11_Fivetran;Fivetran;7.b.11_Fivetran;;
7.b.12;2023,2024,2025;Google Dataflow;('P7_b_12 ', 'Google Dataflow');Google Dataflow;7.b.12_Google Dataflow;Google Dataflow;7.b.12_Google Dataflow;;
7.b.13;2023,2024,2025;Oracle Data Integrator;('P7_b_13 ', 'Oracle Data Integrator');Oracle Data Integrator;7.b.13_Oracle Data Integrator;Oracle Data Integrator;7.b.13_Oracle Data Integrator;;
7.b.14;2023,2024,2025;IBM DataStage;('P7_b_14 ', 'IBM DataStage');IBM DataStage;7.b.14_IBM DataStage;IBM DataStage;7.b.14_IBM DataStage;;
7.b.15;2023,2024,2025;SAP BW ETL;('P7_b_15 ', 'SAP BW ETL');SAP BW ETL;7.b.15_SAP BW ETL;SAP BW ETL;7.b.15_SAP BW ETL;;
7.b.16;2023,2024,2025;SQL Server Integration Services (SSIS);('P7_b_16 ', 'SQL Server Integration Services (SSIS)');SQL Server Integration Services (SSIS);7.b.16_SQL Server Integration Services (SSIS);SQL Server Integration Services (SSIS);7.b.16_SQL Server Integration Services (SSIS);;
7.b.17;2023,2024,2025;SAS Data Integration;('P7_b_17 ', 'SAS Data Integration');SAS Data Integration;7.b.17_SAS Data Integration;SAS Data Integration;7.b.17_SAS Data Integration;;
7.b.18;2023,2024,2025;Qlik Sense;('P7_b_18 ', 'Qlik Sense');Qlik Sense;7.b.18_Qlik Sense;Qlik Sense;7.b.18_Qlik Sense;;
7.b.19;2023,2024,2025;Knime;('P7_b_19 ', 'Knime');Knime;7.b.19_Knime;Knime;7.b.19_Knime;;
7.b.20;2023,2024,2025;Databricks;('P7_b_20 ', 'Databricks');Databricks;7.b.20_Databricks;Databricks;7.b.20_Databricks;;
7.b.21;2023,2024,2025;Não utilizo ferramentas de ETL;('P7_b_21 ', 'Não utilizo ferramentas de ETL');Não utilizo ferramentas de ETL;7.b.21_Não utilizo ferramentas de ETL;Não utilizo ferramentas de ETL;7.b.21_Não utilizo ferramentas de ETL;;
7.c;2023,2024,2025;Sua empresa utiliza alguma das ferramentas listadas para dar mais autonomia em análise de dados para as áreas de negócio?;('P7_c ', 'Sua empresa utiliza alguma das ferramentas listadas para dar mais autonomia em análise de dados para as áreas de negócio?');ferramentas_autonomia_area_de_negocios;7.c_ferramentas_autonomia_area_de_negocios;ferramentas_autonomia_area_de_negocios;7.c_ferramentas_autonomia_area_de_negocios;;
7.c.1;2023,2024,2025;Ferramentas de AutoML como H2O.ai, Data Robot, BigML etc.;('P7_c_1 ', 'Ferramentas de AutoML como H2O.ai, Data Robot, BigML etc.');Ferramentas de AutoML como H2O.ai, Data Robot, BigML etc.;7.c.1_Ferramentas de AutoML como H2O.ai, Data Robot, BigML etc.;Ferramentas de AutoML como H2O.ai, Data Robot, BigML etc.;7.c.1_Ferramentas de AutoML como H2O.ai, Data Robot, BigML etc.;;
7.c.2;2023,2024,2025;"""""Point and Click"""" Analytics como Alteryx, Knime, Rapidminer etc.";"('P7_c_2 ', '""""Point and Click"""" Analytics como Alteryx, Knime, Rapidminer etc.')";"""Point and Click"" Analytics como Alteryx, Knime, Rapidminer etc.";"7.c.2_""Point and Click"" Analytics como Alteryx, Knime, Rapidminer etc.";"""Point and Click"" Analytics como Alteryx, Knime, Rapidminer etc.";"7.c.2_""Point and Click"" Analytics como Alteryx, Knime, Rapidminer etc.";;
7.c.3;2023,2024,2025;Product metricts & Insights como Mixpanel, Amplitude, Adobe Analytics.;('P7_c_3 ', 'Product metricts & Insights como Mixpanel, Amplitude, Adobe Analytics.');Product metricts & Insights como Mixpanel, Amplitude, Adobe Analytics.;7.c.3_Product metricts & Insights como Mixpanel, Amplitude, Adobe Analytics.;Product metricts & Insights como Mixpanel, Amplitude, Adobe Analytics.;7.c.3_Product metricts & Insights como Mixpanel, Amplitude, Adobe Analytics.;;
7.c.4;2023,2024,2025;Ferramentas de análise dentro de ferramentas de CRM como Salesforce Einstein Anaytics ou Zendesk dashboards.;('P7_c_4 ', 'Ferramentas de análise dentro de ferramentas de CRM como Salesforce Einstein Anaytics ou Zendesk dashboards.');Ferramentas de análise dentro de ferramentas de CRM como Salesforce Einstein Anaytics ou Zendesk dashboards.;7.c.4_Ferramentas de análise dentro de ferramentas de CRM como Salesforce Einstein Anaytics ou Zendesk dashboards.;Ferramentas de análise dentro de ferramentas de CRM como Salesforce Einstein Anaytics ou Zendesk dashboards.;7.c.4_Ferramentas de análise dentro de ferramentas de CRM como Salesforce Einstein Anaytics ou Zendesk dashboards.;;
7.c.5;2023,2024,2025;Minha empresa não utiliza essas ferramentas.;('P7_c_5 ', 'Minha empresa não utiliza essas ferramentas.');Minha empresa não utiliza essas ferramentas.;7.c.5_Minha empresa não utiliza essas ferramentas.;Minha empresa não utiliza essas ferramentas.;7.c.5_Minha empresa não utiliza essas ferramentas.;;
7.c.6;2023,2024,2025;Não sei informar.;('P7_c_6 ', 'Não sei informar.');Não sei informar.;7.c.6_Não sei informar.;Não sei informar.;7.c.6_Não sei informar.;;
7.d;2023,2024,2025;Em qual das opções abaixo você gasta a maior parte do seu tempo de trabalho?;('P7_d ', 'Em qual das opções abaixo você gasta a maior parte do seu tempo de trabalho?');maior_tempo_gasto_como_da;7.d_maior_tempo_gasto_como_da;maior_tempo_gasto_como_da;7.d_maior_tempo_gasto_como_da;;
7.d.1;2023,2024,2025;Processando e analisando dados utilizando linguagens de programação como Python, R etc.;('P7_d_1 ', 'Processando e analisando dados utilizando linguagens de programação como Python, R etc.');Processando e analisando dados utilizando linguagens de programação como Python, R etc.;7.d.1_Processando e analisando dados utilizando linguagens de programação como Python, R etc.;Processando e analisando dados utilizando linguagens de programação como Python, R etc.;7.d.1_Processando e analisando dados utilizando linguagens de programação como Python, R etc.;;
7.d.2;2023,2024,2025;Realizando construções de dashboards em ferramentas de BI como PowerBI, Tableau, Looker, Qlik etc.;('P7_d_2 ', 'Realizando construções de dashboards em ferramentas de BI como PowerBI, Tableau, Looker, Qlik etc.');Realizando construções de dashboards em ferramentas de BI como PowerBI, Tableau, Looker, Qlik etc.;7.d.2_Realizando construções de dashboards em ferramentas de BI como PowerBI, Tableau, Looker, Qlik etc.;Realizando construções de dashboards em ferramentas de BI como PowerBI, Tableau, Looker, Qlik etc.;7.d.2_Realizando construções de dashboards em ferramentas de BI como PowerBI, Tableau, Looker, Qlik etc.;;
7.d.3;2023,2024,2025;Criando consultas através da linguagem SQL para exportar informações e compartilhar com as áreas de negócio.;('P7_d_3 ', 'Criando consultas através da linguagem SQL para exportar informações e compartilhar com as áreas de negócio.');Criando consultas através da linguagem SQL para exportar informações e compartilhar com as áreas de negócio.;7.d.3_Criando consultas através da linguagem SQL para exportar informações e compartilhar com as áreas de negócio.;Criando consultas através da linguagem SQL para exportar informações e compartilhar com as áreas de negócio.;7.d.3_Criando consultas através da linguagem SQL para exportar informações e compartilhar com as áreas de negócio.;;
7.d.4;2023,2024,2025;Utilizando API's para extrair dados e complementar minhas análises.;('P7_d_4 ', 'Utilizando API's para extrair dados e complementar minhas análises.');Utilizando API's para extrair dados e complementar minhas análises.;7.d.4_Utilizando API's para extrair dados e complementar minhas análises.;Utilizando API's para extrair dados e complementar minhas análises.;7.d.4_Utilizando API's para extrair dados e complementar minhas análises.;;
7.d.5;2023,2024,2025;Realizando experimentos e estudos utilizando metodologias estatísticas como teste de hipótese, modelos de regressão etc.;('P7_d_5 ', 'Realizando experimentos e estudos utilizando metodologias estatísticas como teste de hipótese, modelos de regressão etc.');Realizando experimentos e estudos utilizando metodologias estatísticas como teste de hipótese, modelos de regressão etc.;7.d.5_Realizando experimentos e estudos utilizando metodologias estatísticas como teste de hipótese, modelos de regressão etc.;Realizando experimentos e estudos utilizando metodologias estatísticas como teste de hipótese, modelos de regressão etc.;7.d.5_Realizando experimentos e estudos utilizando metodologias estatísticas como teste de hipótese, modelos de regressão etc.;;
7.d.6;2023,2024,2025;Desenvolvendo/cuidando da manutenção de ETL's utilizando tecnologias como Talend, Pentaho, Airflow, Dataflow etc.;('P7_d_6 ', 'Desenvolvendo/cuidando da manutenção de ETL's utilizando tecnologias como Talend, Pentaho, Airflow, Dataflow etc.');Desenvolvendo/cuidando da manutenção de ETL's utilizando tecnologias como Talend, Pentaho, Airflow, Dataflow etc.;7.d.6_Desenvolvendo/cuidando da manutenção de ETL's utilizando tecnologias como Talend, Pentaho, Airflow, Dataflow etc.;Desenvolvendo/cuidando da manutenção de ETL's utilizando tecnologias como Talend, Pentaho, Airflow, Dataflow etc.;7.d.6_Desenvolvendo/cuidando da manutenção de ETL's utilizando tecnologias como Talend, Pentaho, Airflow, Dataflow etc.;;
7.d.7;2023,2024,2025;Atuando na modelagem dos dados, com o objetivo de criar conjuntos de dados, Data Warehouses, Data Marts etc.;('P7_d_7 ', 'Atuando na modelagem dos dados, com o objetivo de criar conjuntos de dados, Data Warehouses, Data Marts etc.');Atuando na modelagem dos dados, com o objetivo de criar conjuntos de dados como Data Warehouses, Data Marts, Datasets etc.;7.d.7_Atuando na modelagem dos dados, com o objetivo de criar conjuntos de dados como Data Warehouses, Data Marts, Datasets etc.;Atuando na modelagem dos dados, com o objetivo de criar conjuntos de dados como Data Warehouses, Data Marts, Datasets etc.;7.d.7_Atuando na modelagem dos dados, com o objetivo de criar conjuntos de dados como Data Warehouses, Data Marts, Datasets etc.;;
7.d.8;2023,2024,2025;Desenvolvendo/cuidando da manutenção de planilhas do Excel ou Google Sheets para atender as áreas de negócio.;('P7_d_8 ', 'Desenvolvendo/cuidando da manutenção de planilhas do Excel ou Google Sheets para atender as áreas de negócio.');Desenvolvendo/cuidando da manutenção de planilhas para atender as áreas de negócio.;7.d.8_Desenvolvendo/cuidando da manutenção de planilhas para atender as áreas de negócio.;Desenvolvendo/cuidando da manutenção de planilhas para atender as áreas de negócio.;7.d.8_Desenvolvendo/cuidando da manutenção de planilhas para atender as áreas de negócio.;;
7.d.9;2023,2024,2025;Utilizando ferramentas avançadas de estatística como SAS, SPSS, Stata etc, para realizar análises.;('P7_d_9 ', 'Utilizando ferramentas avançadas de estatística como SAS, SPSS, Stata etc, para realizar análises.');Utilizando ferramentas avançadas de estatística como SAS, SPSS, Stata etc, para realizar análises de dados.;7.d.9_Utilizando ferramentas avançadas de estatística como SAS, SPSS, Stata etc, para realizar análises de dados.;Utilizando ferramentas avançadas de estatística como SAS, SPSS, Stata etc, para realizar análises de dados.;7.d.9_Utilizando ferramentas avançadas de estatística como SAS, SPSS, Stata etc, para realizar análises de dados.;;
7.d.10;2023,2024,2025;Nenhuma das opções listadas refletem meu dia a dia.;('P7_d_10 ', 'Nenhuma das opções listadas refletem meu dia a dia.');Nenhuma das opções listadas refletem meu dia a dia.;7.d.10_Nenhuma das opções listadas refletem meu dia a dia.;Nenhuma das opções listadas refletem meu dia a dia.;7.d.10_Nenhuma das opções listadas refletem meu dia a dia.;;
;;;('P8_3 ', 'Quais dessas tecnologias fazem parte do seu dia a dia como cientista de dados?');;;;;;
8.a;2023,2024,2025;Quais das opções abaixo fazem parte da sua rotina no trabalho atual com ciência de dados?;('P8_a ', 'Quais das opções abaixo fazem parte da sua rotina no trabalho atual com ciência de dados?');rotina_como_ds;8.a_rotina_como_ds;rotina_como_ds;8.a_rotina_como_ds;;
8.a.1;2023,2024,2025;Estudos Ad-hoc com o objetivo de confirmar hipóteses, realizar modelos preditivos, forecasts, análise de cluster para resolver problemas pontuais e responder perguntas das áreas de negócio.;('P8_a_1 ', 'Estudos Ad-hoc com o objetivo de confirmar hipóteses, realizar modelos preditivos, forecasts, análise de cluster para resolver problemas pontuais e responder perguntas das áreas de negócio.');Estudos Ad-hoc com o objetivo de confirmar hipóteses, realizar modelos preditivos, forecasts, análise de cluster para resolver problemas pontuais e responder perguntas das áreas de negócio.;8.a.1_Estudos Ad-hoc com o objetivo de confirmar hipóteses, realizar modelos preditivos, forecasts, análise de cluster para resolver problemas pontuais e responder perguntas das áreas de negócio.;Estudos Ad-hoc com o objetivo de confirmar hipóteses, realizar modelos preditivos, forecasts, análise de cluster para resolver problemas pontuais e responder perguntas das áreas de negócio.;8.a.1_Estudos Ad-hoc com o objetivo de confirmar hipóteses, realizar modelos preditivos, forecasts, análise de cluster para resolver problemas pontuais e responder perguntas das áreas de negócio.;;
8.a.2;2023,2024,2025;Sou responsável pela coleta e limpeza dos dados que uso para análise e modelagem.;('P8_a_2 ', 'Sou responsável pela coleta e limpeza dos dados que uso para análise e modelagem.');Sou responsável pela coleta e limpeza dos dados que uso para análise e modelagem.;8.a.2_Sou responsável pela coleta e limpeza dos dados que uso para análise e modelagem.;Sou responsável pela coleta e limpeza dos dados que uso para análise e modelagem.;8.a.2_Sou responsável pela coleta e limpeza dos dados que uso para análise e modelagem.;;
8.a.3;2023,2024,2025;Sou responsável por entrar em contato com os times de negócio para definição do problema, identificar a solução e apresentação de resultados.;('P8_a_3 ', 'Sou responsável por entrar em contato com os times de negócio para definição do problema, identificar a solução e apresentação de resultados.');Sou responsável por entrar em contato com os times de negócio para definição do problema, identificar a solução e apresentação de resultados.;8.a.3_Sou responsável por entrar em contato com os times de negócio para definição do problema, identificar a solução e apresentação de resultados.;Sou responsável por entrar em contato com os times de negócio para definição do problema, identificar a solução e apresentação de resultados.;8.a.3_Sou responsável por entrar em contato com os times de negócio para definição do problema, identificar a solução e apresentação de resultados.;;
8.a.4;2023,2024,2025;Desenvolvo modelos de Machine Learning com o objetivo de colocar em produção em sistemas (produtos de dados).;('P8_a_4 ', 'Desenvolvo modelos de Machine Learning com o objetivo de colocar em produção em sistemas (produtos de dados).');Desenvolvo modelos de Machine Learning com o objetivo de colocar em produção em sistemas (produtos de dados).;8.a.4_Desenvolvo modelos de Machine Learning com o objetivo de colocar em produção em sistemas (produtos de dados).;Desenvolvo modelos de Machine Learning com o objetivo de colocar em produção em sistemas (produtos de dados).;8.a.4_Desenvolvo modelos de Machine Learning com o objetivo de colocar em produção em sistemas (produtos de dados).;;
8.a.5;2023,2024,2025;Sou responsável por colocar modelos em produção, criar os pipelines de dados, APIs de consumo e monitoramento.;('P8_a_5 ', 'Sou responsável por colocar modelos em produção, criar os pipelines de dados, APIs de consumo e monitoramento.');Sou responsável por colocar modelos em produção, criar os pipelines de dados, APIs de consumo e monitoramento.;8.a.5_Sou responsável por colocar modelos em produção, criar os pipelines de dados, APIs de consumo e monitoramento.;Sou responsável por colocar modelos em produção, criar os pipelines de dados, APIs de consumo e monitoramento.;8.a.5_Sou responsável por colocar modelos em produção, criar os pipelines de dados, APIs de consumo e monitoramento.;;
8.a.6;2023,2024,2025;Cuido da manutenção de modelos de Machine Learning já em produção, atuando no monitoramento, ajustes e refatoração quando necessário.;('P8_a_6 ', 'Cuido da manutenção de modelos de Machine Learning já em produção, atuando no monitoramento, ajustes e refatoração quando necessário.');Cuido da manutenção de modelos de Machine Learning já em produção, atuando no monitoramento, ajustes e refatoração quando necessário.;8.a.6_Cuido da manutenção de modelos de Machine Learning já em produção, atuando no monitoramento, ajustes e refatoração quando necessário.;Cuido da manutenção de modelos de Machine Learning já em produção, atuando no monitoramento, ajustes e refatoração quando necessário.;8.a.6_Cuido da manutenção de modelos de Machine Learning já em produção, atuando no monitoramento, ajustes e refatoração quando necessário.;;
8.a.7;2023,2024,2025;Realizo construções de dashboards em ferramentas de BI como PowerBI, Tableau, Looker, Qlik, etc;('P8_a_7 ', 'Realizo construções de dashboards em ferramentas de BI como PowerBI, Tableau, Looker, Qlik, etc');Realizo construções de dashboards em ferramentas de BI como PowerBI, Tableau, Looker, Qlik, etc;8.a.7_Realizo construções de dashboards em ferramentas de BI como PowerBI, Tableau, Looker, Qlik, etc;Realizo construções de dashboards em ferramentas de BI como PowerBI, Tableau, Looker, Qlik, etc;8.a.7_Realizo construções de dashboards em ferramentas de BI como PowerBI, Tableau, Looker, Qlik, etc;;
8.a.8;2023,2024,2025;Utilizo ferramentas avançadas de estatística como SAS, SPSS, Stata etc, para realizar análises estatísticas e ajustar modelos.;('P8_a_8 ', 'Utilizo ferramentas avançadas de estatística como SAS, SPSS, Stata etc, para realizar análises estatísticas e ajustar modelos.');Utilizo ferramentas avançadas de estatística como SAS, SPSS, Stata etc, para realizar análises.;8.a.8_Utilizo ferramentas avançadas de estatística como SAS, SPSS, Stata etc, para realizar análises.;Utilizo ferramentas avançadas de estatística como SAS, SPSS, Stata etc, para realizar análises.;8.a.8_Utilizo ferramentas avançadas de estatística como SAS, SPSS, Stata etc, para realizar análises.;;
8.a.9;2023,2024,2025;Crio e dou manutenção em ETLs, DAGs e automações de pipelines de dados.;('P8_a_9 ', 'Crio e dou manutenção em ETLs, DAGs e automações de pipelines de dados.');Crio e dou manutenção em ETLs, DAGs e automações de pipelines de dados.;8.a.9_Crio e dou manutenção em ETLs, DAGs e automações de pipelines de dados.;Crio e dou manutenção em ETLs, DAGs e automações de pipelines de dados.;8.a.9_Crio e dou manutenção em ETLs, DAGs e automações de pipelines de dados.;;
8.a.10;2023,2024,2025;Crio e gerencio soluções de Feature Store e cultura de MLOps.;('P8_a_10 ', 'Crio e gerencio soluções de Feature Store e cultura de MLOps.');Crio e gerencio soluções de Feature Store e cultura de MLOps.;8.a.10_Crio e gerencio soluções de Feature Store e cultura de MLOps.;Crio e gerencio soluções de Feature Store e cultura de MLOps.;8.a.10_Crio e gerencio soluções de Feature Store e cultura de MLOps.;;
8.a.11;2023,2024,2025;Sou responsável por criar e manter a infra que meus modelos e soluções rodam (clusters, servidores, API, containers, etc.);('P8_a_11 ', 'Sou responsável por criar e manter a infra que meus modelos e soluções rodam (clusters, servidores, API, containers, etc.)');Sou responsável por criar e manter a infra que meus modelos e soluções rodam (clusters, servidores, API, containers, etc.);8.a.11_Sou responsável por criar e manter a infra que meus modelos e soluções rodam (clusters, servidores, API, containers, etc.);Sou responsável por criar e manter a infra que meus modelos e soluções rodam (clusters, servidores, API, containers, etc.);8.a.11_Sou responsável por criar e manter a infra que meus modelos e soluções rodam (clusters, servidores, API, containers, etc.);;
8.a.12;2023,2024,2025;Treino e aplico LLM's para solucionar problemas de negócio.;('P8_a_12 ', 'Treino e aplico LLM's para solucionar problemas de negócio.');Treino e aplico LLM's para solucionar problemas de negócio.;8.a.12_Treino e aplico LLM's para solucionar problemas de negócio.;Treino e aplico LLM's para solucionar problemas de negócio.;8.a.12_Treino e aplico LLM's para solucionar problemas de negócio.;;
8.b;2023,2024,2025;Quais as técnicas e métodos listados abaixo você costuma utilizar no trabalho?;('P8_b ', 'Quais as técnicas e métodos listados abaixo você costuma utilizar no trabalho?');tecnicas_e_metodos_ds;8.b_tecnicas_e_metodos_ds;tecnicas_e_metodos_ds;8.b_tecnicas_e_metodos_ds;;
8.b.1;2023,2024,2025;Utilizo modelos de regressão (linear, logística, GLM);('P8_b_1 ', 'Utilizo modelos de regressão (linear, logística, GLM)');Utilizo modelos de regressão (linear, logística, GLM).;8.b.1_Utilizo modelos de regressão (linear, logística, GLM).;Utilizo modelos de regressão (linear, logística, GLM).;8.b.1_Utilizo modelos de regressão (linear, logística, GLM).;;
8.b.2;2023,2024,2025;Utilizo redes neurais ou modelos baseados em árvore para criar modelos de classificação;('P8_b_2 ', 'Utilizo redes neurais ou modelos baseados em árvore para criar modelos de classificação');Utilizo redes neurais ou modelos baseados em árvore para criar modelos de classificação.;8.b.2_Utilizo redes neurais ou modelos baseados em árvore para criar modelos de classificação.;Utilizo redes neurais ou modelos baseados em árvore para criar modelos de classificação.;8.b.2_Utilizo redes neurais ou modelos baseados em árvore para criar modelos de classificação.;;
8.b.3;2023,2024,2025;Desenvolvo sistemas de recomendação (RecSys);('P8_b_3 ', 'Desenvolvo sistemas de recomendação (RecSys)');Desenvolvo sistemas de recomendação (RecSys).;8.b.3_Desenvolvo sistemas de recomendação (RecSys).;Desenvolvo sistemas de recomendação (RecSys).;8.b.3_Desenvolvo sistemas de recomendação (RecSys).;;
8.b.4;2023,2024,2025;Utilizo métodos estatísticos Bayesianos para analisar dados;('P8_b_4 ', 'Utilizo métodos estatísticos Bayesianos para analisar dados');Utilizo métodos estatísticos Bayesianos para analisar dados.;8.b.4_Utilizo métodos estatísticos Bayesianos para analisar dados.;Utilizo métodos estatísticos Bayesianos para analisar dados.;8.b.4_Utilizo métodos estatísticos Bayesianos para analisar dados.;;
8.b.5;2023,2024,2025;Utilizo técnicas de NLP (Natural Language Processing) para análisar dados não-estruturados;('P8_b_5 ', 'Utilizo técnicas de NLP (Natural Language Processing) para análisar dados não-estruturados');Utilizo técnicas de NLP (Natural Language Processing) para análisar dados não-estruturados.;8.b.5_Utilizo técnicas de NLP (Natural Language Processing) para análisar dados não-estruturados.;Utilizo técnicas de NLP (Natural Language Processing) para análisar dados não-estruturados.;8.b.5_Utilizo técnicas de NLP (Natural Language Processing) para análisar dados não-estruturados.;;
8.b.6;2023,2024,2025;Utilizo métodos estatísticos clássicos (Testes de hipótese, análise multivariada, sobrevivência, dados longitudinais, inferência estatistica) para analisar dados;('P8_b_6 ', 'Utilizo métodos estatísticos clássicos (Testes de hipótese, análise multivariada, sobrevivência, dados longitudinais, inferência estatistica) para analisar dados');Utilizo métodos estatísticos clássicos (Testes de hipótese, análise multivariada, sobrevivência, dados longitudinais, inferência estatistica) para analisar dados.;8.b.6_Utilizo métodos estatísticos clássicos (Testes de hipótese, análise multivariada, sobrevivência, dados longitudinais, inferência estatistica) para analisar dados.;Utilizo métodos estatísticos clássicos (Testes de hipótese, análise multivariada, sobrevivência, dados longitudinais, inferência estatistica) para analisar dados.;8.b.6_Utilizo métodos estatísticos clássicos (Testes de hipótese, análise multivariada, sobrevivência, dados longitudinais, inferência estatistica) para analisar dados.;;
8.b.7;2023,2024,2025;Utilizo cadeias de Markov ou HMM's para realizar análises de dados;('P8_b_7 ', 'Utilizo cadeias de Markov ou HMM's para realizar análises de dados');Utilizo cadeias de Markov ou HMM\s para realizar análises de dados.;8.b.7_Utilizo cadeias de Markov ou HMM\s para realizar análises de dados.;Utilizo cadeias de Markov ou HMM\s para realizar análises de dados.;8.b.7_Utilizo cadeias de Markov ou HMM\s para realizar análises de dados.;;
8.b.8;2023,2024,2025;Desenvolvo técnicas de Clusterização (K-means, Spectral, DBScan etc);('P8_b_8 ', 'Desenvolvo técnicas de Clusterização (K-means, Spectral, DBScan etc)');Desenvolvo técnicas de Clusterização (K-means, Spectral, DBScan etc).;8.b.8_Desenvolvo técnicas de Clusterização (K-means, Spectral, DBScan etc).;Desenvolvo técnicas de Clusterização (K-means, Spectral, DBScan etc).;8.b.8_Desenvolvo técnicas de Clusterização (K-means, Spectral, DBScan etc).;;
8.b.9;2023,2024,2025;Realizo previsões através de modelos de Séries Temporais (Time Series);('P8_b_9 ', 'Realizo previsões através de modelos de Séries Temporais (Time Series)');Realizo previsões através de modelos de Séries Temporais (Time Series).;8.b.9_Realizo previsões através de modelos de Séries Temporais (Time Series).;Realizo previsões através de modelos de Séries Temporais (Time Series).;8.b.9_Realizo previsões através de modelos de Séries Temporais (Time Series).;;
8.b.10;2023,2024,2025;Utilizo modelos de Reinforcement Learning (aprendizado por reforço);('P8_b_10 ', 'Utilizo modelos de Reinforcement Learning (aprendizado por reforço)');Utilizo modelos de Reinforcement Learning (aprendizado por reforço).;8.b.10_Utilizo modelos de Reinforcement Learning (aprendizado por reforço).;Utilizo modelos de Reinforcement Learning (aprendizado por reforço).;8.b.10_Utilizo modelos de Reinforcement Learning (aprendizado por reforço).;;
8.b.11;2023,2024,2025;Utilizo modelos de Machine Learning para detecção de fraude;('P8_b_11 ', 'Utilizo modelos de Machine Learning para detecção de fraude');Utilizo modelos de Machine Learning para detecção de fraude.;8.b.11_Utilizo modelos de Machine Learning para detecção de fraude.;Utilizo modelos de Machine Learning para detecção de fraude.;8.b.11_Utilizo modelos de Machine Learning para detecção de fraude.;;
8.b.12;2023,2024,2025;Utilizo métodos de Visão Computacional;('P8_b_12 ', 'Utilizo métodos de Visão Computacional');Utilizo métodos de Visão Computacional.;8.b.12_Utilizo métodos de Visão Computacional.;Utilizo métodos de Visão Computacional.;8.b.12_Utilizo métodos de Visão Computacional.;;
8.b.13;2023,2024,2025;Utilizo modelos de Detecção de Churn;('P8_b_13 ', 'Utilizo modelos de Detecção de Churn');Utilizo modelos de Detecção de Churn.;8.b.13_Utilizo modelos de Detecção de Churn.;Utilizo modelos de Detecção de Churn.;8.b.13_Utilizo modelos de Detecção de Churn.;;
8.b.14;2023,2024,2025;Utilizo LLM's para solucionar problemas de negócio;('P8_b_14 ', 'Utilizo LLM's para solucionar problemas de negócio');Utilizo LLM's para solucionar problemas de negócio.;8.b.14_Utilizo LLM's para solucionar problemas de negócio.;Utilizo LLM's para solucionar problemas de negócio.;8.b.14_Utilizo LLM's para solucionar problemas de negócio.;;
8.c;2024,2025;;;tecnologias_ds;8.c_tecnologias_ds;tecnologias_ds;8.c_tecnologias_ds;;
8.c.1;2023,2024,2025;Ferramentas de BI (PowerBI, Looker, Tableau, Qlik etc);('P8_c_1 ', 'Ferramentas de BI (PowerBI, Looker, Tableau, Qlik etc)');Ferramentas de BI (PowerBI, Looker, Tableau, Qlik etc).;8.c.1_Ferramentas de BI (PowerBI, Looker, Tableau, Qlik etc).;Ferramentas de BI (PowerBI, Looker, Tableau, Qlik etc).;8.c.1_Ferramentas de BI (PowerBI, Looker, Tableau, Qlik etc).;;
8.c.2;2023,2024,2025;Planilhas (Excel, Google Sheets etc);('P8_c_2 ', 'Planilhas (Excel, Google Sheets etc)');Planilhas (Excel, Google Sheets etc).;8.c.2_Planilhas (Excel, Google Sheets etc).;Planilhas (Excel, Google Sheets etc).;8.c.2_Planilhas (Excel, Google Sheets etc).;;
8.c.3;2023,2024,2025;Ambientes de desenvolvimento local (R-studio, JupyterLab, Anaconda);('P8_c_3 ', 'Ambientes de desenvolvimento local (R-studio, JupyterLab, Anaconda)');Ambientes de desenvolvimento local (R-studio, JupyterLab, Anaconda).;8.c.3_Ambientes de desenvolvimento local (R-studio, JupyterLab, Anaconda).;Ambientes de desenvolvimento local (R-studio, JupyterLab, Anaconda).;8.c.3_Ambientes de desenvolvimento local (R-studio, JupyterLab, Anaconda).;;
8.c.4;2023,2024,2025;Ambientes de desenvolvimento na nuvem (Google Colab, AWS Sagemaker, Kaggle Notebooks etc);('P8_c_4 ', 'Ambientes de desenvolvimento na nuvem (Google Colab, AWS Sagemaker, Kaggle Notebooks etc)');Ambientes de desenvolvimento na nuvem (Google Colab, AWS Sagemaker, Kaggle Notebooks etc).;8.c.4_Ambientes de desenvolvimento na nuvem (Google Colab, AWS Sagemaker, Kaggle Notebooks etc).;Ambientes de desenvolvimento na nuvem (Google Colab, AWS Sagemaker, Kaggle Notebooks etc).;8.c.4_Ambientes de desenvolvimento na nuvem (Google Colab, AWS Sagemaker, Kaggle Notebooks etc).;;
8.c.5;2023,2024,2025;Ferramentas de AutoML (Datarobot, H2O, Auto-Keras etc);('P8_c_5 ', 'Ferramentas de AutoML (Datarobot, H2O, Auto-Keras etc)');Ferramentas de AutoML (Datarobot, H2O, Auto-Keras etc).;8.c.5_Ferramentas de AutoML (Datarobot, H2O, Auto-Keras etc).;Ferramentas de AutoML (Datarobot, H2O, Auto-Keras etc).;8.c.5_Ferramentas de AutoML (Datarobot, H2O, Auto-Keras etc).;;
8.c.6;2023,2024,2025;Ferramentas de ETL (Apache Airflow, NiFi, Stitch, Fivetran, Pentaho etc);('P8_c_6 ', 'Ferramentas de ETL (Apache Airflow, NiFi, Stitch, Fivetran, Pentaho etc)');Ferramentas de ETL (Apache Airflow, NiFi, Stitch, Fivetran, Pentaho etc).;8.c.6_Ferramentas de ETL (Apache Airflow, NiFi, Stitch, Fivetran, Pentaho etc).;Ferramentas de ETL (Apache Airflow, NiFi, Stitch, Fivetran, Pentaho etc).;8.c.6_Ferramentas de ETL (Apache Airflow, NiFi, Stitch, Fivetran, Pentaho etc).;;
8.c.7;2023,2024,2025;Plataformas de Machine Learning (TensorFlow, Azure Machine Learning, Kubeflow etc);('P8_c_7 ', 'Plataformas de Machine Learning (TensorFlow, Azure Machine Learning, Kubeflow etc)');Plataformas de Machine Learning (TensorFlow, Azure Machine Learning, Kubeflow etc).;8.c.7_Plataformas de Machine Learning (TensorFlow, Azure Machine Learning, Kubeflow etc).;Plataformas de Machine Learning (TensorFlow, Azure Machine Learning, Kubeflow etc).;8.c.7_Plataformas de Machine Learning (TensorFlow, Azure Machine Learning, Kubeflow etc).;;
8.c.8;2023,2024,2025;Feature Store (Feast, Hopsworks, AWS Feature Store, Databricks Feature Store etc);('P8_c_8 ', 'Feature Store (Feast, Hopsworks, AWS Feature Store, Databricks Feature Store etc)');Feature Store (Feast, Hopsworks, AWS Feature Store, Databricks Feature Store etc).;8.c.8_Feature Store (Feast, Hopsworks, AWS Feature Store, Databricks Feature Store etc).;Feature Store (Feast, Hopsworks, AWS Feature Store, Databricks Feature Store etc).;8.c.8_Feature Store (Feast, Hopsworks, AWS Feature Store, Databricks Feature Store etc).;;
8.c.9;2023,2024,2025;Sistemas de controle de versão (Github, DVC, Neptune, Gitlab etc);('P8_c_9 ', 'Sistemas de controle de versão (Github, DVC, Neptune, Gitlab etc)');Sistemas de controle de versão (Github, DVC, Neptune, Gitlab etc).;8.c.9_Sistemas de controle de versão (Github, DVC, Neptune, Gitlab etc).;Sistemas de controle de versão (Github, DVC, Neptune, Gitlab etc).;8.c.9_Sistemas de controle de versão (Github, DVC, Neptune, Gitlab etc).;;
8.c.10;2023,2024,2025;Plataformas de Data Apps (Streamlit, Shiny, Plotly Dash etc);('P8_c_10 ', 'Plataformas de Data Apps (Streamlit, Shiny, Plotly Dash etc)');Plataformas de Data Apps (Streamlit, Shiny, Plotly Dash etc).;8.c.10_Plataformas de Data Apps (Streamlit, Shiny, Plotly Dash etc).;Plataformas de Data Apps (Streamlit, Shiny, Plotly Dash etc).;8.c.10_Plataformas de Data Apps (Streamlit, Shiny, Plotly Dash etc).;;
8.c.11;2023,2024,2025;Ferramentas de estatística avançada como SPSS, SAS, etc.;('P8_c_11 ', 'Ferramentas de estatística avançada como SPSS, SAS, etc.');Ferramentas de estatística avançada como SPSS, SAS, etc.;8.c.11_Ferramentas de estatística avançada como SPSS, SAS, etc.;Ferramentas de estatística avançada como SPSS, SAS, etc.;8.c.11_Ferramentas de estatística avançada como SPSS, SAS, etc.;;
8.d;2023,2024,2025;Em qual das opções abaixo você gasta a maior parte do seu tempo no trabalho?;('P8_d ', 'Em qual das opções abaixo você gasta a maior parte do seu tempo no trabalho?');maior_tempo_gasto_como_ds;8.d_maior_tempo_gasto_como_ds;maior_tempo_gasto_como_ds;8.d_maior_tempo_gasto_como_ds;;
8.d.1;2023,2024,2025;Estudos Ad-hoc com o objetivo de confirmar hipóteses, realizar modelos preditivos, forecasts, análise de cluster para resolver problemas pontuais e responder perguntas das áreas de negócio.;('P8_d_1 ', 'Estudos Ad-hoc com o objetivo de confirmar hipóteses, realizar modelos preditivos, forecasts, análise de cluster para resolver problemas pontuais e responder perguntas das áreas de negócio.');Estudos Ad-hoc com o objetivo de confirmar hipóteses, realizar modelos preditivos, forecasts, análise de cluster para resolver problemas pontuais e responder perguntas das áreas de negócio.;8.d.1_Estudos Ad-hoc com o objetivo de confirmar hipóteses, realizar modelos preditivos, forecasts, análise de cluster para resolver problemas pontuais e responder perguntas das áreas de negócio.;Estudos Ad-hoc com o objetivo de confirmar hipóteses, realizar modelos preditivos, forecasts, análise de cluster para resolver problemas pontuais e responder perguntas das áreas de negócio.;8.d.1_Estudos Ad-hoc com o objetivo de confirmar hipóteses, realizar modelos preditivos, forecasts, análise de cluster para resolver problemas pontuais e responder perguntas das áreas de negócio.;;
8.d.2;2023,2024,2025;Coletando e limpando os dados que uso para análise e modelagem.;('P8_d_2 ', 'Coletando e limpando os dados que uso para análise e modelagem.');Coletando e limpando dos dados que uso para análise e modelagem.;8.d.2_Coletando e limpando dos dados que uso para análise e modelagem.;Coletando e limpando dos dados que uso para análise e modelagem.;8.d.2_Coletando e limpando dos dados que uso para análise e modelagem.;;
8.d.3;2023,2024,2025;Entrando em contato com os times de negócio para definição do problema, identificar a solução e apresentação de resultados.;('P8_d_3 ', 'Entrando em contato com os times de negócio para definição do problema, identificar a solução e apresentação de resultados.');Entrando em contato com os times de negócio para definição do problema, identificar a solução e apresentação de resultados.;8.d.3_Entrando em contato com os times de negócio para definição do problema, identificar a solução e apresentação de resultados.;Entrando em contato com os times de negócio para definição do problema, identificar a solução e apresentação de resultados.;8.d.3_Entrando em contato com os times de negócio para definição do problema, identificar a solução e apresentação de resultados.;;
8.d.4;2023,2024,2025;Desenvolvendo modelos de Machine Learning com o objetivo de colocar em produção em sistemas (produtos de dados).;('P8_d_4 ', 'Desenvolvendo modelos de Machine Learning com o objetivo de colocar em produção em sistemas (produtos de dados).');Desenvolvendo modelos de Machine Learning com o objetivo de colocar em produção em sistemas (produtos de dados).;8.d.4_Desenvolvendo modelos de Machine Learning com o objetivo de colocar em produção em sistemas (produtos de dados).;Desenvolvendo modelos de Machine Learning com o objetivo de colocar em produção em sistemas (produtos de dados).;8.d.4_Desenvolvendo modelos de Machine Learning com o objetivo de colocar em produção em sistemas (produtos de dados).;;
8.d.5;2023,2024,2025;Colocando modelos em produção, criando os pipelines de dados, APIs de consumo e monitoramento.;('P8_d_5 ', 'Colocando modelos em produção, criando os pipelines de dados, APIs de consumo e monitoramento.');Colocando modelos em produção, criando os pipelines de dados, APIs de consumo e monitoramento.;8.d.5_Colocando modelos em produção, criando os pipelines de dados, APIs de consumo e monitoramento.;Colocando modelos em produção, criando os pipelines de dados, APIs de consumo e monitoramento.;8.d.5_Colocando modelos em produção, criando os pipelines de dados, APIs de consumo e monitoramento.;;
8.d.6;2023,2024,2025;Cuidando da manutenção de modelos de Machine Learning já em produção, atuando no monitoramento, ajustes e refatoração quando necessário.;('P8_d_6 ', 'Cuidando da manutenção de modelos de Machine Learning já em produção, atuando no monitoramento, ajustes e refatoração quando necessário.');Cuidando da manutenção de modelos de Machine Learning já em produção, atuando no monitoramento, ajustes e refatoração quando necessário.;8.d.6_Cuidando da manutenção de modelos de Machine Learning já em produção, atuando no monitoramento, ajustes e refatoração quando necessário.;Cuidando da manutenção de modelos de Machine Learning já em produção, atuando no monitoramento, ajustes e refatoração quando necessário.;8.d.6_Cuidando da manutenção de modelos de Machine Learning já em produção, atuando no monitoramento, ajustes e refatoração quando necessário.;;
8.d.7;2023,2024,2025;Realizando construções de dashboards em ferramentas de BI como PowerBI, Tableau, Looker, Qlik, etc.;('P8_d_7 ', 'Realizando construções de dashboards em ferramentas de BI como PowerBI, Tableau, Looker, Qlik, etc.');Realizando construções de dashboards em ferramentas de BI como PowerBI, Tableau, Looker, Qlik, etc.;8.d.7_Realizando construções de dashboards em ferramentas de BI como PowerBI, Tableau, Looker, Qlik, etc.;Realizando construções de dashboards em ferramentas de BI como PowerBI, Tableau, Looker, Qlik, etc.;8.d.7_Realizando construções de dashboards em ferramentas de BI como PowerBI, Tableau, Looker, Qlik, etc.;;
8.d.8;2023,2024,2025;Utilizando ferramentas avançadas de estatística como SAS, SPSS, Stata etc, para realizar análises.;('P8_d_8 ', 'Utilizando ferramentas avançadas de estatística como SAS, SPSS, Stata etc, para realizar análises.');Utilizando ferramentas avançadas de estatística como SAS, SPSS, Stata etc, para realizar análises.;8.d.8_Utilizando ferramentas avançadas de estatística como SAS, SPSS, Stata etc, para realizar análises.;Utilizando ferramentas avançadas de estatística como SAS, SPSS, Stata etc, para realizar análises.;8.d.8_Utilizando ferramentas avançadas de estatística como SAS, SPSS, Stata etc, para realizar análises.;;
8.d.9;2023,2024,2025;Criando e dando manutenção em ETLs, DAGs e automações de pipelines de dados.;('P8_d_9 ', 'Criando e dando manutenção em ETLs, DAGs e automações de pipelines de dados.');Criando e dando manutenção em ETLs, DAGs e automações de pipelines de dados.;8.d.9_Criando e dando manutenção em ETLs, DAGs e automações de pipelines de dados.;Criando e dando manutenção em ETLs, DAGs e automações de pipelines de dados.;8.d.9_Criando e dando manutenção em ETLs, DAGs e automações de pipelines de dados.;;
8.d.10;2023,2024,2025;Criando e gerenciando soluções de Feature Store e cultura de MLOps.;('P8_d_10 ', 'Criando e gerenciando soluções de Feature Store e cultura de MLOps.');Criando e gerenciando soluções de Feature Store e cultura de MLOps.;8.d.10_Criando e gerenciando soluções de Feature Store e cultura de MLOps.;Criando e gerenciando soluções de Feature Store e cultura de MLOps.;8.d.10_Criando e gerenciando soluções de Feature Store e cultura de MLOps.;;
8.d.11;2023,2024,2025;Criando e mantendo a infra que meus modelos e soluções rodam (clusters, servidores, API, containers, etc.);('P8_d_11 ', 'Criando e mantendo a infra que meus modelos e soluções rodam (clusters, servidores, API, containers, etc.)');Criando e mantendo a infra que meus modelos e soluções rodam (clusters, servidores, API, containers, etc.);8.d.11_Criando e mantendo a infra que meus modelos e soluções rodam (clusters, servidores, API, containers, etc.);Criando e mantendo a infra que meus modelos e soluções rodam (clusters, servidores, API, containers, etc.);8.d.11_Criando e mantendo a infra que meus modelos e soluções rodam (clusters, servidores, API, containers, etc.);;
8.d.12;2023,2024,2025;Treinando e aplicando LLM's para solucionar problemas de negócio.;('P8_d_12 ', 'Treinando e aplicando LLM's para solucionar problemas de negócio.');Treinando e aplicando LLM's para solucionar problemas de negócio.;8.d.12_Treinando e aplicando LLM's para solucionar problemas de negócio.;Treinando e aplicando LLM's para solucionar problemas de negócio.;8.d.12_Treinando e aplicando LLM's para solucionar problemas de negócio.;;